id,business_id,created_at,current_term_start,current_term_end,cancel_schedule_created_at,cancelled_at,channel,country,status,exchange_rate,subscription_plan
917506,133091919,2024-01-29 17:51:47,2024-01-29 5:00:00,2024-02-29 4:59:59,2024-02-26 19:57:25,2024-02-29 5:00:00,web,CA,cancelled,,"{'item_id': 1, 'currency_code': 'CAD'}"
348640,316860773,2024-01-30 3:24:36,2024-05-29 4:00:00,2024-06-29 3:59:59,,,web,CA,active,1.364752,"{'item_id': 1, 'currency_code': 'CAD'}"
681987,605197018,2024-02-02 3:15:24,2024-06-01 4:00:00,2024-07-01 3:59:59,,,web,CA,active,1.364236,"{'item_id': 1, 'currency_code': 'CAD'}"
886296,247206764,2024-02-05 17:25:24,2024-05-05 4:00:00,2024-06-05 3:59:59,,,web,US,active,1.0,"{'item_id': 1, 'currency_code': 'USD'}"
960788,600306096,2024-02-05 18:01:31,2024-05-05 4:00:00,2024-06-05 3:59:59,,,web,CA,active,1.36715,"{'item_id': 1, 'currency_code': 'CAD'}"
315572,937728458,2024-02-05 19:46:53,2024-05-05 4:00:00,2024-06-05 3:59:59,,,web,US,active,1.0,"{'item_id': 1, 'currency_code': 'USD'}"
923586,281598682,2024-02-06 15:00:44,2024-05-06 4:00:00,2024-06-06 3:59:59,,,app_store,,active,1.0,"{'item_id': 2, 'currency_code': 'USD'}"
922097,854478937,2024-02-06 18:10:22,2024-05-06 4:00:00,2024-06-06 3:59:59,2024-05-24 13:56:58,2024-06-06 4:00:00,web,US,non_renewing,1.0,"{'item_id': 1, 'currency_code': 'USD'}"
471205,188269941,2024-02-07 5:28:56,2024-05-07 4:00:00,2024-06-07 3:59:59,,,web,US,active,1.0,"{'item_id': 1, 'currency_code': 'USD'}"
287510,576050521,2024-02-07 16:57:48,2024-05-07 4:00:00,2024-06-07 3:59:59,,,web,US,active,1.0,"{'item_id': 1, 'currency_code': 'USD'}"
880150,200286468,2024-02-07 17:05:21,2024-05-07 4:00:00,2024-06-07 3:59:59,,,web,US,active,1.0,"{'item_id': 1, 'currency_code': 'USD'}"
150032,183232251,2024-02-07 17:35:48,2024-02-07 5:00:00,2025-02-07 4:59:59,,,web,US,active,1.0,"{'item_id': 3, 'currency_code': 'USD'}"
493545,627477612,2024-02-07 20:56:50,2024-05-07 4:00:00,2024-06-07 3:59:59,,,web,US,active,1.0,"{'item_id': 1, 'currency_code': 'USD'}"
571374,976851976,2024-02-08 1:07:36,2024-05-07 4:00:00,2024-06-07 3:59:59,,,web,US,active,1.0,"{'item_id': 1, 'currency_code': 'USD'}"
617976,799673211,2024-02-08 15:56:58,2024-03-08 5:00:00,2024-04-08 3:59:59,,2024-03-23 4:00:00,web,US,cancelled,,"{'item_id': 1, 'currency_code': 'USD'}"
805735,830917052,2024-02-08 16:13:08,2024-05-08 4:00:00,2024-06-08 3:59:59,,2024-05-23 4:00:00,web,US,cancelled,,"{'item_id': 1, 'currency_code': 'USD'}"
809691,361591614,2024-02-08 17:20:52,2024-05-08 4:00:00,2024-06-08 3:59:59,,,web,US,active,1.0,"{'item_id': 1, 'currency_code': 'USD'}"
725534,553172211,2024-02-08 17:50:58,2024-05-08 4:00:00,2024-06-08 3:59:59,,,web,US,active,1.0,"{'item_id': 1, 'currency_code': 'USD'}"
165551,979929947,2024-02-08 18:05:13,2024-05-08 4:00:00,2024-06-08 3:59:59,,,app_store,,active,1.373361,"{'item_id': 2, 'currency_code': 'CAD'}"
683000,631528628,2024-02-08 18:49:31,2024-05-08 4:00:00,2024-05-29 3:59:59,,2024-05-29 4:00:00,web,US,cancelled,,"{'item_id': 1, 'currency_code': 'USD'}"
709154,538653843,2024-02-08 18:49:36,2024-05-08 4:00:00,2024-06-08 3:59:59,,,web,US,active,1.0,"{'item_id': 1, 'currency_code': 'USD'}"
225094,438527112,2024-02-08 19:25:10,2024-05-08 4:00:00,2024-06-08 3:59:59,,,web,CA,active,1.373361,"{'item_id': 1, 'currency_code': 'CAD'}"
819980,175822521,2024-02-08 22:31:27,2024-03-08 5:00:00,2024-04-08 3:59:59,,2024-03-23 4:00:00,web,US,cancelled,,"{'item_id': 1, 'currency_code': 'USD'}"
993663,726209318,2024-02-09 1:02:16,2024-05-08 4:00:00,2024-06-08 3:59:59,,,web,US,active,1.0,"{'item_id': 1, 'currency_code': 'USD'}"
758125,440133457,2024-02-09 13:26:37,2024-05-09 4:00:00,2024-06-09 3:59:59,,2024-05-24 4:00:00,web,US,cancelled,,"{'item_id': 1, 'currency_code': 'USD'}"
895115,870617932,2024-02-09 13:45:01,2024-05-09 4:00:00,2024-06-09 3:59:59,,,web,US,active,1.0,"{'item_id': 1, 'currency_code': 'USD'}"
886504,628855146,2024-02-09 14:40:52,2024-05-09 4:00:00,2024-06-09 3:59:59,,,web,US,active,1.0,"{'item_id': 1, 'currency_code': 'USD'}"
109776,862803718,2024-02-09 17:36:55,2024-05-09 4:00:00,2024-06-09 3:59:59,,,web,US,active,1.0,"{'item_id': 1, 'currency_code': 'USD'}"
230105,682234086,2024-02-09 20:29:12,2024-05-09 4:00:00,2024-06-09 3:59:59,,,web,CA,active,1.372835,"{'item_id': 1, 'currency_code': 'CAD'}"
307458,818926688,2024-02-09 22:59:39,2024-05-09 4:00:00,2024-06-09 3:59:59,,,web,CA,active,1.372835,"{'item_id': 1, 'currency_code': 'CAD'}"
844226,964936118,2024-02-09 23:47:50,2024-05-09 4:00:00,2024-06-09 3:59:59,,,web,CA,active,1.372835,"{'item_id': 1, 'currency_code': 'CAD'}"
469250,781127334,2024-02-10 23:02:56,2024-02-10 5:00:00,2025-02-10 4:59:59,,,web,US,active,1.0,"{'item_id': 3, 'currency_code': 'USD'}"
830055,286185747,2024-02-11 0:32:50,2024-05-10 4:00:00,2024-06-10 3:59:59,,,web,US,active,1.0,"{'item_id': 1, 'currency_code': 'USD'}"
185096,564394347,2024-02-11 17:41:01,2024-05-11 4:00:00,2024-06-11 3:59:59,,,web,US,active,1.0,"{'item_id': 1, 'currency_code': 'USD'}"
838422,120933615,2024-02-11 19:14:58,2024-05-11 4:00:00,2024-06-11 3:59:59,,,web,US,active,1.0,"{'item_id': 1, 'currency_code': 'USD'}"
202854,741466431,2024-02-11 20:16:19,2024-04-11 4:00:00,2024-04-15 3:59:59,,2024-04-15 4:00:00,web,US,cancelled,,"{'item_id': 1, 'currency_code': 'USD'}"
921320,671325585,2024-02-11 20:52:18,2024-05-11 4:00:00,2024-06-11 3:59:59,,2024-05-26 4:00:00,web,US,cancelled,,"{'item_id': 1, 'currency_code': 'USD'}"
364396,974322236,2024-02-11 22:24:39,2024-05-11 4:00:00,2024-06-11 3:59:59,,,web,US,active,1.0,"{'item_id': 1, 'currency_code': 'USD'}"
409978,441819916,2024-02-12 3:51:42,2024-03-11 4:00:00,2024-04-11 3:59:59,,2024-03-26 4:00:00,web,US,cancelled,,"{'item_id': 1, 'currency_code': 'USD'}"
835916,538510361,2024-02-12 15:25:20,2024-05-12 4:00:00,2024-06-12 3:59:59,,,web,US,active,1.0,"{'item_id': 1, 'currency_code': 'USD'}"
604905,643933269,2024-02-12 15:39:26,2024-03-12 4:00:00,2024-04-12 3:59:59,2024-04-01 21:32:38,2024-04-12 4:00:00,web,US,cancelled,,"{'item_id': 1, 'currency_code': 'USD'}"
131484,241914783,2024-02-12 18:59:56,2024-05-12 4:00:00,2024-06-12 3:59:59,,,web,US,active,1.0,"{'item_id': 1, 'currency_code': 'USD'}"
279992,254897530,2024-02-12 19:56:56,2024-05-12 4:00:00,2024-06-12 3:59:59,,,web,CA,active,1.36785,"{'item_id': 1, 'currency_code': 'CAD'}"
130779,547946716,2024-02-12 22:24:47,2024-04-27 4:00:00,2024-04-28 3:59:59,2024-03-29 20:10:52,2024-04-28 4:00:00,app_store,,cancelled,,"{'item_id': 2, 'currency_code': 'USD'}"
767780,271402096,2024-02-13 2:40:23,2024-05-12 4:00:00,2024-06-12 3:59:59,,,web,US,active,1.0,"{'item_id': 1, 'currency_code': 'USD'}"
553919,690203862,2024-02-13 16:22:14,2024-05-13 4:00:00,2024-06-13 3:59:59,,,web,US,active,1.0,"{'item_id': 1, 'currency_code': 'USD'}"
435098,892160078,2024-02-13 17:34:41,2024-05-13 4:00:00,2024-06-13 3:59:59,,,web,US,active,1.0,"{'item_id': 1, 'currency_code': 'USD'}"
532752,591826449,2024-02-13 18:40:43,2024-05-13 4:00:00,2024-06-13 3:59:59,,,web,US,active,1.0,"{'item_id': 1, 'currency_code': 'USD'}"
202553,193330359,2024-02-14 0:43:43,2024-05-13 4:00:00,2024-06-13 3:59:59,,,web,US,active,1.0,"{'item_id': 1, 'currency_code': 'USD'}"
513279,458124954,2024-02-14 4:30:57,2024-05-13 4:00:00,2024-06-13 3:59:59,,,web,US,active,1.0,"{'item_id': 1, 'currency_code': 'USD'}"
238722,853256845,2024-02-15 14:21:39,2024-05-15 4:00:00,2024-06-15 3:59:59,,,web,US,active,1.0,"{'item_id': 1, 'currency_code': 'USD'}"
553748,789286860,2024-02-15 16:48:50,2024-05-15 4:00:00,2024-06-15 3:59:59,,,web,US,active,1.0,"{'item_id': 1, 'currency_code': 'USD'}"
885584,554307338,2024-02-15 19:19:47,2024-05-15 4:00:00,2024-06-15 3:59:59,2024-05-24 17:14:51,2024-05-30 4:00:00,web,US,cancelled,,"{'item_id': 1, 'currency_code': 'USD'}"
194864,939408465,2024-02-15 20:49:00,2024-05-15 4:00:00,2024-06-15 3:59:59,,,web,US,active,1.0,"{'item_id': 1, 'currency_code': 'USD'}"
600070,822004670,2024-02-15 22:46:49,2024-05-15 4:00:00,2024-06-15 3:59:59,,,web,US,active,1.0,"{'item_id': 1, 'currency_code': 'USD'}"
849970,944332953,2024-02-16 9:01:49,2024-04-16 4:00:00,2024-05-16 3:59:59,,2024-05-01 4:00:00,web,US,cancelled,,"{'item_id': 1, 'currency_code': 'USD'}"
824686,656558814,2024-02-16 13:17:34,2024-05-16 4:00:00,2024-06-16 3:59:59,,,web,US,active,1.0,"{'item_id': 1, 'currency_code': 'USD'}"
895006,703596431,2024-02-16 15:33:58,2024-02-16 5:00:00,2025-02-16 4:59:59,,,web,US,active,1.0,"{'item_id': 3, 'currency_code': 'USD'}"
952213,261705712,2024-02-16 15:40:45,2024-02-16 5:00:00,2024-03-16 3:59:59,2024-03-13 1:51:16,2024-03-16 4:00:00,web,US,cancelled,,"{'item_id': 1, 'currency_code': 'USD'}"
222474,788274775,2024-02-16 17:18:56,2024-05-16 4:00:00,2024-06-16 3:59:59,,,web,US,active,1.0,"{'item_id': 1, 'currency_code': 'USD'}"
125761,100778671,2024-02-16 18:16:19,2024-02-16 5:00:00,2024-02-17 4:59:59,2024-02-16 19:59:16,2024-02-17 5:00:00,app_store,,cancelled,,"{'item_id': 4, 'currency_code': 'USD'}"
782491,355394321,2024-02-16 19:26:00,2024-03-16 4:00:00,2024-04-16 3:59:59,2024-03-19 16:43:08,2024-04-16 4:00:00,web,US,cancelled,,"{'item_id': 1, 'currency_code': 'USD'}"
794530,972399789,2024-02-16 19:26:18,2024-05-16 4:00:00,2024-06-16 3:59:59,,,web,US,active,1.0,"{'item_id': 1, 'currency_code': 'USD'}"
730547,267811877,2024-02-16 19:27:24,2024-03-16 4:00:00,2024-03-16 4:00:00,2024-03-05 22:52:45,2024-03-16 4:00:00,app_store,,cancelled,,"{'item_id': 2, 'currency_code': 'USD'}"
247336,631968777,2024-02-16 20:30:02,2024-02-16 5:00:00,2025-02-16 4:59:59,2024-02-16 20:32:01,2025-02-17 4:59:59,app_store,,active,1.0,"{'item_id': 4, 'currency_code': 'USD'}"
650807,879718371,2024-02-16 23:15:19,2024-05-16 4:00:00,2024-06-16 3:59:59,,,web,US,active,1.0,"{'item_id': 1, 'currency_code': 'USD'}"
878638,633802183,2024-02-17 4:02:02,2024-05-16 4:00:00,2024-06-16 3:59:59,2024-05-25 19:51:15,2024-06-17 3:59:59,app_store,,non_renewing,1.0,"{'item_id': 2, 'currency_code': 'USD'}"
566634,974156576,2024-02-17 9:44:51,2024-05-17 4:00:00,2024-06-17 3:59:59,,,web,US,active,1.0,"{'item_id': 1, 'currency_code': 'USD'}"
125648,476466710,2024-02-17 22:55:51,2024-05-17 4:00:00,2024-06-17 3:59:59,,,web,US,active,1.0,"{'item_id': 1, 'currency_code': 'USD'}"
782720,681521912,2024-02-18 2:13:25,2024-05-17 4:00:00,2024-06-17 3:59:59,,,web,US,active,1.0,"{'item_id': 1, 'currency_code': 'USD'}"
515807,694311473,2024-02-18 20:13:04,2024-05-18 4:00:00,2024-06-18 3:59:59,,,web,US,active,1.0,"{'item_id': 1, 'currency_code': 'USD'}"
612109,572602479,2024-02-18 20:54:49,2024-05-18 4:00:00,2024-06-18 3:59:59,,,web,US,active,1.0,"{'item_id': 1, 'currency_code': 'USD'}"
690209,583951112,2024-02-19 1:24:18,2024-05-18 4:00:00,2024-06-18 3:59:59,,,web,US,active,1.0,"{'item_id': 1, 'currency_code': 'USD'}"
739250,942593607,2024-02-19 12:28:27,2024-05-19 4:00:00,2024-06-19 3:59:59,,,web,US,active,1.0,"{'item_id': 1, 'currency_code': 'USD'}"
900688,278553588,2024-02-19 14:14:54,2024-05-19 4:00:00,2024-06-19 3:59:59,,,web,US,active,1.0,"{'item_id': 1, 'currency_code': 'USD'}"
194650,851605793,2024-02-19 15:02:20,2024-03-19 4:00:00,2024-04-19 3:59:59,2024-03-21 17:16:40,2024-04-19 4:00:00,web,US,cancelled,,"{'item_id': 1, 'currency_code': 'USD'}"
194650,851605793,2024-02-19 15:02:20,2024-03-19 4:00:00,2024-04-19 3:59:59,2024-03-21 17:16:40,2024-04-19 4:00:00,web,US,cancelled,,"{'item_id': 1, 'currency_code': 'USD'}"
664087,462252588,2024-02-19 16:20:21,2024-05-19 4:00:00,2024-06-19 3:59:59,,,web,US,active,1.0,"{'item_id': 1, 'currency_code': 'USD'}"
601507,280416728,2024-02-19 18:14:07,2024-05-19 4:00:00,2024-06-19 3:59:59,,,web,US,active,1.0,"{'item_id': 1, 'currency_code': 'USD'}"
748745,479151651,2024-02-19 19:27:39,2024-05-19 4:00:00,2024-06-19 3:59:59,,,web,US,active,1.0,"{'item_id': 1, 'currency_code': 'USD'}"
483091,615879963,2024-02-19 19:49:02,2024-05-19 4:00:00,2024-06-19 3:59:59,,,web,US,active,1.0,"{'item_id': 1, 'currency_code': 'USD'}"
826631,846560842,2024-02-19 23:42:35,2024-05-19 4:00:00,2024-06-19 3:59:59,,,web,US,active,1.0,"{'item_id': 1, 'currency_code': 'USD'}"
977766,675280596,2024-02-19 23:53:26,2024-05-19 4:00:00,2024-06-19 3:59:59,,,web,US,active,1.0,"{'item_id': 1, 'currency_code': 'USD'}"
559202,636442258,2024-02-19 23:56:41,2024-05-19 4:00:00,2024-06-19 3:59:59,,,app_store,,active,1.0,"{'item_id': 2, 'currency_code': 'USD'}"
937886,156676388,2024-02-20 17:10:41,2024-05-21 4:00:00,2024-06-21 3:59:59,,,play_store,,active,1.0,"{'item_id': 5, 'currency_code': 'USD'}"
859800,461396304,2024-02-20 17:14:31,2024-04-20 4:00:00,2024-05-20 3:59:59,,2024-05-05 4:00:00,web,US,cancelled,,"{'item_id': 1, 'currency_code': 'USD'}"
590926,645975752,2024-02-20 18:42:27,2024-05-20 4:00:00,2024-06-20 3:59:59,,,web,US,active,1.0,"{'item_id': 1, 'currency_code': 'USD'}"
916794,696233485,2024-02-20 18:49:05,2024-05-20 4:00:00,2024-06-20 3:59:59,,,web,CA,active,1.360888,"{'item_id': 1, 'currency_code': 'CAD'}"
735992,164139120,2024-02-21 12:50:20,2024-05-21 4:00:00,2024-06-21 3:59:59,,,web,US,active,1.0,"{'item_id': 1, 'currency_code': 'USD'}"
739198,882309710,2024-02-21 16:02:57,2024-05-21 4:00:00,2024-06-21 3:59:59,,,web,US,active,1.0,"{'item_id': 1, 'currency_code': 'USD'}"
100241,588834408,2024-02-21 17:34:39,2024-05-21 4:00:00,2024-06-21 3:59:59,,,web,US,active,1.0,"{'item_id': 1, 'currency_code': 'USD'}"
437999,419654629,2024-02-21 18:02:11,2024-05-21 4:00:00,2024-06-21 3:59:59,,,web,US,active,1.0,"{'item_id': 1, 'currency_code': 'USD'}"
558078,374911322,2024-02-21 20:38:06,2024-02-21 5:00:00,2024-03-21 3:59:59,2024-03-15 13:54:39,2024-03-21 4:00:00,web,CA,cancelled,,"{'item_id': 1, 'currency_code': 'CAD'}"
672645,447575346,2024-02-22 1:38:38,2024-05-21 4:00:00,2024-05-29 3:59:59,,2024-05-29 4:00:00,web,US,cancelled,,"{'item_id': 1, 'currency_code': 'USD'}"
305449,101003399,2024-02-22 15:50:24,2024-05-22 4:00:00,2024-06-22 3:59:59,,,web,US,active,1.0,"{'item_id': 1, 'currency_code': 'USD'}"
158111,360497839,2024-02-22 17:16:06,2024-05-22 4:00:00,2024-06-22 3:59:59,,,web,US,active,1.0,"{'item_id': 1, 'currency_code': 'USD'}"
280560,367859823,2024-02-22 17:36:47,2024-05-22 4:00:00,2024-06-22 3:59:59,,,web,US,active,1.0,"{'item_id': 1, 'currency_code': 'USD'}"
119963,500798362,2024-02-22 20:20:24,2024-03-22 4:00:00,2024-04-22 3:59:59,,2024-04-06 4:00:00,web,US,cancelled,,"{'item_id': 1, 'currency_code': 'USD'}"
933159,181671296,2024-02-22 23:26:06,2024-02-22 5:00:00,2024-03-20 3:59:59,2024-02-26 21:51:29,2024-03-20 4:00:00,app_store,,cancelled,,"{'item_id': 2, 'currency_code': 'USD'}"
559037,226579091,2024-02-23 15:29:33,2024-05-23 4:00:00,2024-06-23 3:59:59,,,web,US,active,1.0,"{'item_id': 1, 'currency_code': 'USD'}"
201051,993228803,2024-02-23 18:21:39,2024-04-23 4:00:00,2024-05-23 3:59:59,2024-05-16 14:44:37,2024-05-23 4:00:00,web,CA,cancelled,,"{'item_id': 1, 'currency_code': 'CAD'}"
906554,382024374,2024-02-23 19:19:29,2024-05-23 4:00:00,2024-06-23 3:59:59,,,web,US,active,1.0,"{'item_id': 1, 'currency_code': 'USD'}"
466979,469158861,2024-02-23 19:46:04,2024-05-23 4:00:00,2024-06-23 3:59:59,,,web,US,active,1.0,"{'item_id': 1, 'currency_code': 'USD'}"
844603,410246397,2024-02-23 21:31:03,2024-05-23 4:00:00,2024-06-23 3:59:59,,,web,US,active,1.0,"{'item_id': 1, 'currency_code': 'USD'}"
696355,262933756,2024-02-23 21:37:15,2024-05-16 4:00:00,2024-06-16 3:59:59,,,play_store,,active,1.0,"{'item_id': 5, 'currency_code': 'USD'}"
591102,397829008,2024-02-23 23:12:53,2024-04-23 4:00:00,2024-05-23 3:59:59,,2024-05-08 4:00:00,web,US,cancelled,,"{'item_id': 1, 'currency_code': 'USD'}"
747879,679577022,2024-02-23 23:49:53,2024-05-23 4:00:00,2024-06-23 3:59:59,,,web,US,active,1.0,"{'item_id': 1, 'currency_code': 'USD'}"
184328,741438315,2024-02-24 0:30:32,2024-05-23 4:00:00,2024-06-23 3:59:59,,,web,US,active,1.0,"{'item_id': 1, 'currency_code': 'USD'}"
191332,991512493,2024-02-24 4:38:48,2024-02-23 5:00:00,2024-03-23 3:59:59,2024-02-26 14:13:38,2024-03-23 4:00:00,web,US,cancelled,,"{'item_id': 1, 'currency_code': 'USD'}"
949351,221880357,2024-02-24 7:31:54,2024-05-24 4:00:00,2024-06-24 3:59:59,,,web,US,active,1.0,"{'item_id': 1, 'currency_code': 'USD'}"
871096,869415932,2024-02-24 16:35:35,2024-05-24 4:00:00,2024-06-24 3:59:59,,,web,US,active,1.0,"{'item_id': 1, 'currency_code': 'USD'}"
524531,427606621,2024-02-25 8:29:40,2024-04-25 4:00:00,2024-05-25 3:59:59,,2024-05-10 4:00:00,web,US,cancelled,,"{'item_id': 1, 'currency_code': 'USD'}"
613026,157009813,2024-02-25 13:52:36,2024-03-25 4:00:00,2024-04-25 3:59:59,,2024-04-09 4:00:00,web,US,cancelled,,"{'item_id': 1, 'currency_code': 'USD'}"
318879,378152968,2024-02-25 18:22:41,2024-05-25 4:00:00,2024-06-25 3:59:59,,,web,US,active,1.0,"{'item_id': 1, 'currency_code': 'USD'}"
862699,256734301,2024-02-25 19:07:19,2024-05-25 4:00:00,2024-06-25 3:59:59,,,web,CA,active,1.36885,"{'item_id': 1, 'currency_code': 'CAD'}"
813150,165090353,2024-02-26 14:26:33,2024-02-26 5:00:00,2024-03-26 3:59:59,2024-03-23 16:58:17,2024-03-26 4:00:00,web,US,cancelled,,"{'item_id': 1, 'currency_code': 'USD'}"
283961,728796020,2024-02-26 16:29:27,2024-05-26 4:00:00,2024-06-26 3:59:59,,,web,US,active,1.0,"{'item_id': 1, 'currency_code': 'USD'}"
665682,823225410,2024-02-26 17:53:35,2024-05-26 4:00:00,2024-06-26 3:59:59,,,web,US,active,1.0,"{'item_id': 1, 'currency_code': 'USD'}"
984992,276607864,2024-02-26 18:07:40,2024-04-26 4:00:00,2024-05-26 3:59:59,2024-05-24 14:46:06,2024-05-26 4:00:00,web,US,cancelled,,"{'item_id': 1, 'currency_code': 'USD'}"
817953,512496266,2024-02-26 19:43:22,2024-05-26 4:00:00,2024-06-26 3:59:59,,,web,US,active,1.0,"{'item_id': 1, 'currency_code': 'USD'}"
716452,645068756,2024-02-26 21:22:25,2024-05-26 4:00:00,2024-06-26 3:59:59,,,web,US,active,1.0,"{'item_id': 1, 'currency_code': 'USD'}"
718609,476031189,2024-02-26 22:24:05,2024-05-26 4:00:00,2024-06-26 3:59:59,,,web,US,active,1.0,"{'item_id': 1, 'currency_code': 'USD'}"
219335,530966993,2024-02-26 23:05:12,2024-05-26 4:00:00,2024-06-26 3:59:59,,,web,CA,active,1.36835,"{'item_id': 1, 'currency_code': 'CAD'}"
956821,995650253,2024-02-27 0:54:33,2024-05-26 4:00:00,2024-06-26 3:59:59,,,web,US,active,1.0,"{'item_id': 1, 'currency_code': 'USD'}"
702174,657330293,2024-02-27 3:13:30,2024-02-26 5:00:00,2024-03-08 4:59:59,,2024-03-08 5:00:00,web,US,cancelled,,"{'item_id': 3, 'currency_code': 'USD'}"
289284,461281113,2024-02-27 15:25:38,2024-05-27 4:00:00,2024-06-27 3:59:59,,,web,US,active,1.0,"{'item_id': 1, 'currency_code': 'USD'}"
763005,997264665,2024-02-27 19:45:31,2024-05-27 4:00:00,2024-06-27 3:59:59,,,web,US,active,1.0,"{'item_id': 1, 'currency_code': 'USD'}"
715580,355761001,2024-02-27 19:50:12,2024-05-27 4:00:00,2024-06-27 3:59:59,,,web,US,active,1.0,"{'item_id': 1, 'currency_code': 'USD'}"
398234,951781643,2024-02-28 1:46:37,2024-04-27 4:00:00,2024-05-27 3:59:59,,2024-05-12 4:00:00,web,US,cancelled,,"{'item_id': 1, 'currency_code': 'USD'}"
860119,119908251,2024-02-28 4:52:35,2024-02-27 5:00:00,2025-02-27 4:59:59,,,web,US,active,1.0,"{'item_id': 3, 'currency_code': 'USD'}"
453395,927642679,2024-02-28 12:58:43,2024-03-28 4:00:00,2024-03-28 4:00:00,2024-02-28 14:11:03,2024-03-28 4:00:00,app_store,,cancelled,,"{'item_id': 2, 'currency_code': 'USD'}"
552484,202195617,2024-02-28 14:42:32,2024-05-28 4:00:00,2024-06-28 3:59:59,,,web,US,active,1.0,"{'item_id': 1, 'currency_code': 'USD'}"
587661,363752594,2024-02-28 17:40:00,2024-05-28 4:00:00,2024-06-28 3:59:59,,,web,US,active,1.0,"{'item_id': 1, 'currency_code': 'USD'}"
465245,669063095,2024-02-28 20:07:10,2024-05-28 4:00:00,2024-06-28 3:59:59,,,web,US,active,1.0,"{'item_id': 1, 'currency_code': 'USD'}"
916103,463788050,2024-02-28 23:25:11,2024-05-28 4:00:00,2024-06-28 3:59:59,2024-05-31 20:34:24,2024-06-28 4:00:00,web,US,non_renewing,1.0,"{'item_id': 1, 'currency_code': 'USD'}"
656066,837259133,2024-02-29 3:00:46,2024-05-28 4:00:00,2024-06-28 3:59:59,,,web,US,active,1.0,"{'item_id': 1, 'currency_code': 'USD'}"
223732,594007766,2024-02-29 13:51:31,2024-04-29 4:00:00,2024-05-29 3:59:59,,2024-05-14 4:00:00,web,CA,cancelled,,"{'item_id': 1, 'currency_code': 'CAD'}"
172266,436514209,2024-02-29 14:39:49,2024-02-29 5:00:00,2024-03-29 3:59:59,2024-03-28 2:25:05,2024-03-29 4:00:00,web,US,cancelled,,"{'item_id': 1, 'currency_code': 'USD'}"
784846,590028973,2024-02-29 15:32:39,2024-05-29 4:00:00,2024-06-29 3:59:59,,,web,US,active,1.0,"{'item_id': 1, 'currency_code': 'USD'}"
920276,744131249,2024-02-29 16:41:21,2024-05-29 4:00:00,2024-06-29 3:59:59,,,web,US,active,1.0,"{'item_id': 1, 'currency_code': 'USD'}"
319746,135945514,2024-02-29 16:50:26,2024-05-29 4:00:00,2024-06-29 3:59:59,,,web,US,active,1.0,"{'item_id': 1, 'currency_code': 'USD'}"
160802,719576670,2024-02-29 17:20:12,2024-05-29 4:00:00,2024-06-29 3:59:59,,,web,US,active,1.0,"{'item_id': 1, 'currency_code': 'USD'}"
669557,294020149,2024-02-29 17:25:09,2024-05-29 4:00:00,2024-06-29 3:59:59,,,web,US,active,1.0,"{'item_id': 1, 'currency_code': 'USD'}"
959910,336319876,2024-02-29 20:04:17,2024-05-29 4:00:00,2024-06-29 3:59:59,,,web,US,active,1.0,"{'item_id': 1, 'currency_code': 'USD'}"
712797,133565506,2024-02-29 22:04:54,2024-05-29 4:00:00,2024-06-29 3:59:59,,,web,US,active,1.0,"{'item_id': 1, 'currency_code': 'USD'}"
224795,204143991,2024-03-01 4:47:23,2024-05-29 4:00:00,2024-06-29 3:59:59,,,web,CA,active,1.364752,"{'item_id': 1, 'currency_code': 'CAD'}"
297533,756434088,2024-03-01 5:35:58,2024-06-01 4:00:00,2024-07-01 3:59:59,,,web,CA,active,1.364236,"{'item_id': 1, 'currency_code': 'CAD'}"
965957,624673671,2024-03-01 9:32:41,2024-06-01 4:00:00,2024-07-01 3:59:59,,,web,US,active,1.0,"{'item_id': 1, 'currency_code': 'USD'}"
574155,509065489,2024-03-01 11:36:15,2024-06-01 4:00:00,2024-07-01 3:59:59,,,web,US,active,1.0,"{'item_id': 1, 'currency_code': 'USD'}"
213424,164449775,2024-03-01 16:10:23,2024-06-01 4:00:00,2024-07-01 3:59:59,,,web,US,active,1.0,"{'item_id': 1, 'currency_code': 'USD'}"
993770,313008974,2024-03-01 17:53:22,2024-03-01 5:00:00,2025-03-01 4:59:59,,,web,US,active,1.0,"{'item_id': 3, 'currency_code': 'USD'}"
355700,389952487,2024-03-02 3:41:54,2024-04-01 4:00:00,2024-05-01 3:59:59,,2024-04-16 4:00:00,web,US,cancelled,,"{'item_id': 1, 'currency_code': 'USD'}"
868954,307731713,2024-03-02 4:44:49,2024-05-01 4:00:00,2025-05-01 3:59:59,,,web,US,active,1.0,"{'item_id': 3, 'currency_code': 'USD'}"
578130,336814464,2024-03-02 12:02:15,2024-05-02 4:00:00,2024-06-02 3:59:59,2024-05-24 14:22:51,2024-06-02 4:00:00,web,US,cancelled,,"{'item_id': 1, 'currency_code': 'USD'}"
375955,613851392,2024-03-02 19:57:47,2024-06-02 4:00:00,2024-07-02 3:59:59,,,web,US,active,1.0,"{'item_id': 1, 'currency_code': 'USD'}"
372417,900719493,2024-03-02 20:38:18,2024-06-02 4:00:00,2024-07-02 3:59:59,,,web,US,active,1.0,"{'item_id': 1, 'currency_code': 'USD'}"
234307,243904146,2024-03-03 14:39:16,2024-06-03 4:00:00,2024-07-03 3:59:59,,,web,US,active,1.0,"{'item_id': 1, 'currency_code': 'USD'}"
340374,208066516,2024-03-03 19:26:06,2024-06-03 4:00:00,2024-07-03 3:59:59,,,web,US,active,1.0,"{'item_id': 1, 'currency_code': 'USD'}"
680563,942554407,2024-03-03 22:22:16,2024-06-03 4:00:00,2024-07-03 3:59:59,,,web,US,active,1.0,"{'item_id': 1, 'currency_code': 'USD'}"
479940,380100430,2024-03-04 1:48:11,2024-06-03 4:00:00,2024-07-03 3:59:59,,,web,US,active,1.0,"{'item_id': 1, 'currency_code': 'USD'}"
599808,323147347,2024-03-04 2:44:41,2024-03-03 5:00:00,2025-03-03 4:59:59,,,web,US,active,1.0,"{'item_id': 3, 'currency_code': 'USD'}"
907106,952844440,2024-03-04 14:09:24,2024-05-04 4:00:00,2024-06-04 3:59:59,,,web,US,active,1.0,"{'item_id': 1, 'currency_code': 'USD'}"
707685,733488588,2024-03-04 15:20:35,2024-03-04 5:00:00,2024-04-04 3:59:59,2024-04-01 12:20:55,2024-04-04 4:00:00,web,US,cancelled,,"{'item_id': 1, 'currency_code': 'USD'}"
200139,950278552,2024-03-04 17:35:50,2024-04-04 4:00:00,2024-04-04 4:00:00,,2024-04-04 4:00:00,web,US,cancelled,,"{'item_id': 1, 'currency_code': 'USD'}"
289586,421745344,2024-03-04 18:53:59,2024-05-04 4:00:00,2024-06-04 3:59:59,,,web,US,active,1.0,"{'item_id': 1, 'currency_code': 'USD'}"
383773,413660973,2024-03-04 19:51:52,2024-05-04 4:00:00,2024-06-04 3:59:59,,,play_store,,active,1.0,"{'item_id': 5, 'currency_code': 'USD'}"
591577,795565003,2024-03-04 19:54:09,2024-05-04 4:00:00,2024-06-04 3:59:59,,,web,US,active,1.0,"{'item_id': 1, 'currency_code': 'USD'}"
158553,975493254,2024-03-04 22:31:54,2024-05-04 4:00:00,2024-06-04 3:59:59,,,app_store,,active,1.0,"{'item_id': 2, 'currency_code': 'USD'}"
518278,919867192,2024-03-05 0:11:24,2024-03-04 5:00:00,2025-03-04 4:59:59,,,web,CA,active,1.355188,"{'item_id': 3, 'currency_code': 'CAD'}"
843382,802255780,2024-03-05 9:15:08,2024-05-05 4:00:00,2024-06-05 3:59:59,,,web,US,active,1.0,"{'item_id': 1, 'currency_code': 'USD'}"
655258,836881166,2024-03-05 14:39:19,2024-05-05 4:00:00,2024-06-05 3:59:59,,,web,US,active,1.0,"{'item_id': 1, 'currency_code': 'USD'}"
347032,326146725,2024-03-05 16:56:04,2024-05-05 4:00:00,2024-06-05 3:59:59,,,web,US,active,1.0,"{'item_id': 1, 'currency_code': 'USD'}"
620827,776543297,2024-03-05 17:18:10,2024-05-05 4:00:00,2024-06-05 3:59:59,,,web,US,active,1.0,"{'item_id': 1, 'currency_code': 'USD'}"
102311,708204172,2024-03-05 17:43:04,2024-05-05 4:00:00,2024-06-05 3:59:59,,,web,US,active,1.0,"{'item_id': 1, 'currency_code': 'USD'}"
451529,885561220,2024-03-05 18:20:54,2024-05-05 4:00:00,2024-06-05 3:59:59,,,web,US,active,1.0,"{'item_id': 1, 'currency_code': 'USD'}"
729111,893165140,2024-03-05 20:48:19,2024-03-05 5:00:00,2025-03-05 4:59:59,,,web,US,active,1.0,"{'item_id': 3, 'currency_code': 'USD'}"
198805,258869071,2024-03-06 0:45:30,2024-05-05 4:00:00,2024-06-05 3:59:59,,,web,US,active,1.0,"{'item_id': 1, 'currency_code': 'USD'}"
824851,519072075,2024-03-06 6:49:47,2024-05-06 4:00:00,2024-06-06 3:59:59,,,web,US,active,1.0,"{'item_id': 1, 'currency_code': 'USD'}"
572240,184743785,2024-03-07 13:13:09,2024-05-07 4:00:00,2024-06-07 3:59:59,,,web,US,active,1.0,"{'item_id': 1, 'currency_code': 'USD'}"
171297,349242904,2024-03-07 16:56:48,2024-05-07 4:00:00,2024-06-07 3:59:59,,,web,US,active,1.0,"{'item_id': 1, 'currency_code': 'USD'}"
965580,745363366,2024-03-07 17:34:57,2024-05-07 4:00:00,2024-06-07 3:59:59,,,web,US,active,1.0,"{'item_id': 1, 'currency_code': 'USD'}"
420295,561161027,2024-03-07 17:43:23,2024-05-07 4:00:00,2024-06-07 3:59:59,,,web,US,active,1.0,"{'item_id': 1, 'currency_code': 'USD'}"
634914,647116449,2024-03-07 18:12:19,2024-03-07 5:00:00,2025-03-07 4:59:59,,,web,US,active,1.0,"{'item_id': 3, 'currency_code': 'USD'}"
381269,164329910,2024-03-07 21:09:16,2024-05-07 4:00:00,2024-06-07 3:59:59,,,web,US,active,1.0,"{'item_id': 1, 'currency_code': 'USD'}"
130091,945662953,2024-03-07 22:45:45,2024-05-07 4:00:00,2024-06-07 3:59:59,,,web,CA,active,1.366545,"{'item_id': 1, 'currency_code': 'CAD'}"
156555,322080408,2024-03-08 4:05:46,2024-05-07 4:00:00,2024-06-07 3:59:59,,,web,CA,active,1.366545,"{'item_id': 1, 'currency_code': 'CAD'}"
775166,710207525,2024-03-08 11:56:12,2024-05-08 4:00:00,2024-06-08 3:59:59,,,web,US,active,1.0,"{'item_id': 1, 'currency_code': 'USD'}"
443319,853866826,2024-03-08 16:04:37,2024-05-08 4:00:00,2024-06-08 3:59:59,,,play_store,,active,1.0,"{'item_id': 5, 'currency_code': 'USD'}"
951462,249145536,2024-03-08 23:03:39,2024-03-08 5:00:00,2025-03-08 4:59:59,,,web,CA,active,1.345344,"{'item_id': 3, 'currency_code': 'CAD'}"
652176,203177052,2024-03-09 5:22:48,2024-05-09 4:00:00,2024-06-09 3:59:59,,,web,US,active,1.0,"{'item_id': 1, 'currency_code': 'USD'}"
335744,931102882,2024-03-09 20:28:00,2024-03-09 5:00:00,2024-04-09 3:59:59,2024-04-03 16:39:42,2024-04-09 4:00:00,web,US,cancelled,,"{'item_id': 1, 'currency_code': 'USD'}"
793854,807618966,2024-03-09 20:34:04,2024-05-09 4:00:00,2024-06-09 3:59:59,2024-05-29 17:04:41,2024-06-09 4:00:00,web,US,non_renewing,1.0,"{'item_id': 1, 'currency_code': 'USD'}"
364980,991089545,2024-03-09 21:06:52,2024-04-09 4:00:00,2024-04-15 3:59:59,,2024-04-15 4:00:00,web,US,cancelled,,"{'item_id': 1, 'currency_code': 'USD'}"
130063,576240691,2024-03-09 21:32:00,2024-05-09 4:00:00,2024-06-09 3:59:59,,,web,US,active,1.0,"{'item_id': 1, 'currency_code': 'USD'}"
716793,271256343,2024-03-10 3:55:10,2024-05-09 4:00:00,2024-06-09 3:59:59,,,web,US,active,1.0,"{'item_id': 1, 'currency_code': 'USD'}"
894731,997153242,2024-03-10 16:49:36,2024-05-10 4:00:00,2024-06-10 3:59:59,,,web,US,active,1.0,"{'item_id': 1, 'currency_code': 'USD'}"
665270,205156662,2024-03-10 19:33:57,2024-04-10 4:00:00,2024-04-19 3:59:59,2024-04-11 16:48:18,2024-04-19 4:00:00,web,US,cancelled,,"{'item_id': 1, 'currency_code': 'USD'}"
495752,882619566,2024-03-10 20:32:17,2024-05-10 4:00:00,2024-06-10 3:59:59,,2024-05-25 4:00:00,web,US,cancelled,,"{'item_id': 1, 'currency_code': 'USD'}"
272254,577937098,2024-03-11 0:44:00,2024-05-10 4:00:00,2024-06-10 3:59:59,,,web,US,active,1.0,"{'item_id': 1, 'currency_code': 'USD'}"
495683,578100779,2024-03-11 4:25:19,2024-05-11 4:00:00,2024-06-11 3:59:59,,,web,US,active,1.0,"{'item_id': 1, 'currency_code': 'USD'}"
929369,176085615,2024-03-11 14:09:13,2024-05-11 4:00:00,2024-06-11 3:59:59,,2024-05-26 4:00:00,web,US,cancelled,,"{'item_id': 1, 'currency_code': 'USD'}"
878531,693625958,2024-03-11 15:33:25,2024-05-11 4:00:00,2024-06-11 3:59:59,,,web,US,active,1.0,"{'item_id': 1, 'currency_code': 'USD'}"
889244,442359762,2024-03-11 20:36:56,2024-04-11 4:00:00,2024-04-15 3:59:59,,2024-04-15 4:00:00,web,US,cancelled,,"{'item_id': 1, 'currency_code': 'USD'}"
841769,601005351,2024-03-11 20:59:49,2024-05-11 4:00:00,2024-06-11 3:59:59,,,web,CA,active,1.36765,"{'item_id': 1, 'currency_code': 'CAD'}"
989868,493497686,2024-03-11 23:26:37,2024-05-11 4:00:00,2024-06-11 3:59:59,,,web,US,active,1.0,"{'item_id': 1, 'currency_code': 'USD'}"
895359,120901948,2024-03-11 23:48:34,2024-05-11 4:00:00,2024-06-11 3:59:59,,,web,US,active,1.0,"{'item_id': 1, 'currency_code': 'USD'}"
402771,116795023,2024-03-12 2:06:46,2024-05-11 4:00:00,2024-06-11 3:59:59,,,web,US,active,1.0,"{'item_id': 1, 'currency_code': 'USD'}"
617327,961794212,2024-03-12 3:47:28,2024-03-11 4:00:00,2024-03-19 3:59:59,,2024-03-19 4:00:00,web,CA,cancelled,,"{'item_id': 1, 'currency_code': 'CAD'}"
394270,843917204,2024-03-12 15:11:51,2024-05-12 4:00:00,2024-06-12 3:59:59,,,web,US,active,1.0,"{'item_id': 1, 'currency_code': 'USD'}"
851015,714729107,2024-03-12 15:26:13,2024-05-12 4:00:00,2024-06-12 3:59:59,,,web,CA,active,1.36785,"{'item_id': 1, 'currency_code': 'CAD'}"
592839,576022433,2024-03-12 17:08:26,2024-05-12 4:00:00,2024-06-12 3:59:59,,,app_store,,active,1.0,"{'item_id': 2, 'currency_code': 'USD'}"
849328,288887985,2024-03-12 18:56:15,2024-05-12 4:00:00,2024-06-12 3:59:59,,,web,US,active,1.0,"{'item_id': 1, 'currency_code': 'USD'}"
670154,231705302,2024-03-13 1:19:25,2024-05-12 4:00:00,2024-06-12 3:59:59,,,web,US,active,1.0,"{'item_id': 1, 'currency_code': 'USD'}"
446232,377139233,2024-03-13 4:10:56,2024-05-13 4:00:00,2024-06-13 3:59:59,,,web,US,active,1.0,"{'item_id': 1, 'currency_code': 'USD'}"
417049,992794889,2024-03-13 16:20:14,2024-05-13 4:00:00,2024-06-13 3:59:59,,,web,US,active,1.0,"{'item_id': 1, 'currency_code': 'USD'}"
397660,402086579,2024-03-13 22:20:49,2024-05-13 4:00:00,2024-06-13 3:59:59,,,web,US,active,1.0,"{'item_id': 1, 'currency_code': 'USD'}"
876345,697396556,2024-03-13 23:23:59,2024-05-13 4:00:00,2024-06-13 3:59:59,,,web,US,active,1.0,"{'item_id': 1, 'currency_code': 'USD'}"
802469,648793685,2024-03-13 23:53:29,2024-05-13 4:00:00,2024-06-13 3:59:59,2024-05-31 20:33:19,2024-06-13 4:00:00,web,US,non_renewing,1.0,"{'item_id': 1, 'currency_code': 'USD'}"
142723,749887728,2024-03-14 16:52:04,2024-05-14 4:00:00,2024-06-14 3:59:59,,,web,US,active,1.0,"{'item_id': 1, 'currency_code': 'USD'}"
718496,184577605,2024-03-14 17:41:27,2024-05-14 4:00:00,2024-06-14 3:59:59,,,web,US,active,1.0,"{'item_id': 1, 'currency_code': 'USD'}"
825506,448108265,2024-03-14 22:38:18,2024-03-14 4:00:00,2025-03-14 3:59:59,,,web,US,active,1.0,"{'item_id': 3, 'currency_code': 'USD'}"
889221,870836344,2024-03-15 1:22:04,2024-05-14 4:00:00,2024-06-14 3:59:59,,,web,US,active,1.0,"{'item_id': 1, 'currency_code': 'USD'}"
806389,409638994,2024-03-15 2:06:31,2024-05-14 4:00:00,2024-06-14 3:59:59,,,web,US,active,1.0,"{'item_id': 1, 'currency_code': 'USD'}"
806389,409638994,2024-03-15 2:06:31,2024-05-14 4:00:00,2024-06-14 3:59:59,,,web,US,active,1.0,"{'item_id': 1, 'currency_code': 'USD'}"
460168,809269393,2024-03-15 11:27:15,2024-05-15 4:00:00,2024-06-15 3:59:59,,,web,CA,active,1.3654,"{'item_id': 1, 'currency_code': 'CAD'}"
839562,514028475,2024-03-15 15:10:19,2024-05-15 4:00:00,2024-06-15 3:59:59,,,web,US,active,1.0,"{'item_id': 1, 'currency_code': 'USD'}"
700616,353918608,2024-03-15 15:50:50,2024-05-15 4:00:00,2024-06-15 3:59:59,,,web,US,active,1.0,"{'item_id': 1, 'currency_code': 'USD'}"
191656,978515271,2024-03-15 16:13:19,2024-03-15 4:00:00,2024-04-15 3:59:59,2024-04-11 22:39:48,2024-04-15 4:00:00,web,CA,cancelled,,"{'item_id': 1, 'currency_code': 'CAD'}"
930418,582685643,2024-03-15 17:46:37,2024-05-15 4:00:00,2024-06-15 3:59:59,,,web,US,active,1.0,"{'item_id': 1, 'currency_code': 'USD'}"
930418,582685643,2024-03-15 17:46:37,2024-05-15 4:00:00,2024-06-15 3:59:59,,,web,US,active,1.0,"{'item_id': 1, 'currency_code': 'USD'}"
193422,920147520,2024-03-16 1:03:24,2024-03-15 4:00:00,2025-03-15 3:59:59,,,web,US,active,1.0,"{'item_id': 3, 'currency_code': 'USD'}"
914537,151550009,2024-03-16 6:47:52,2024-03-16 4:00:00,2024-04-16 3:59:59,2024-03-16 7:09:54,2024-04-16 4:00:00,web,US,cancelled,,"{'item_id': 1, 'currency_code': 'USD'}"
728210,652333518,2024-03-16 6:47:53,2024-05-17 4:00:00,2024-06-17 3:59:59,,,play_store,,active,1.0,"{'item_id': 5, 'currency_code': 'USD'}"
602473,642596746,2024-03-16 10:27:15,2024-05-16 4:00:00,2024-06-16 3:59:59,,,web,US,active,1.0,"{'item_id': 1, 'currency_code': 'USD'}"
602473,642596746,2024-03-16 10:27:15,2024-05-16 4:00:00,2024-06-16 3:59:59,,,web,US,active,1.0,"{'item_id': 1, 'currency_code': 'USD'}"
730156,839895399,2024-03-16 22:24:09,2024-05-16 4:00:00,2024-06-16 3:59:59,,,web,CA,active,1.359809,"{'item_id': 1, 'currency_code': 'CAD'}"
153571,532757976,2024-03-16 23:37:42,2024-05-16 4:00:00,2024-06-16 3:59:59,,,web,US,active,1.0,"{'item_id': 1, 'currency_code': 'USD'}"
725463,123824123,2024-03-17 13:25:55,2024-03-17 4:00:00,2025-03-17 3:59:59,,,web,US,active,1.0,"{'item_id': 3, 'currency_code': 'USD'}"
903247,338432945,2024-03-17 14:43:43,2024-05-17 4:00:00,2024-06-17 3:59:59,,,app_store,,active,1.0,"{'item_id': 2, 'currency_code': 'USD'}"
770896,709757933,2024-03-17 16:01:14,2024-05-17 4:00:00,2024-06-17 3:59:59,,,web,US,active,1.0,"{'item_id': 1, 'currency_code': 'USD'}"
770896,709757933,2024-03-17 16:01:14,2024-05-17 4:00:00,2024-06-17 3:59:59,,,web,US,active,1.0,"{'item_id': 1, 'currency_code': 'USD'}"
438050,308997468,2024-03-18 0:46:07,2024-05-17 4:00:00,2024-06-17 3:59:59,,,app_store,,active,1.0,"{'item_id': 2, 'currency_code': 'USD'}"
172260,921225090,2024-03-18 2:11:54,2024-05-17 4:00:00,2024-06-17 3:59:59,,,web,US,active,1.0,"{'item_id': 1, 'currency_code': 'USD'}"
465325,123123063,2024-03-18 4:12:05,2024-05-25 4:00:00,2024-06-25 3:59:59,,,play_store,,active,1.0,"{'item_id': 5, 'currency_code': 'USD'}"
465325,123123063,2024-03-18 4:12:05,2024-05-25 4:00:00,2024-06-25 3:59:59,,,play_store,,active,1.0,"{'item_id': 5, 'currency_code': 'USD'}"
189834,718464014,2024-03-18 9:45:08,2024-04-18 4:00:00,2024-05-18 3:59:59,,2024-05-03 4:00:00,web,US,cancelled,,"{'item_id': 1, 'currency_code': 'USD'}"
304506,157934841,2024-03-18 15:14:48,2024-05-18 4:00:00,2024-06-18 3:59:59,,,web,CA,active,1.36155,"{'item_id': 1, 'currency_code': 'CAD'}"
850238,635477939,2024-03-18 15:28:49,2024-03-18 4:00:00,2025-03-18 3:59:59,,,web,CA,active,1.354637,"{'item_id': 3, 'currency_code': 'CAD'}"
549276,767013053,2024-03-18 16:14:59,2024-05-18 4:00:00,2024-06-18 3:59:59,,,web,US,active,1.0,"{'item_id': 1, 'currency_code': 'USD'}"
706966,529193983,2024-03-18 19:41:15,2024-03-18 4:00:00,2025-03-18 3:59:59,,,web,US,active,1.0,"{'item_id': 3, 'currency_code': 'USD'}"
270961,797361613,2024-03-18 19:48:41,2024-05-18 4:00:00,2024-06-18 3:59:59,,,web,US,active,1.0,"{'item_id': 1, 'currency_code': 'USD'}"
281650,991721221,2024-03-19 1:07:08,2024-05-18 4:00:00,2024-06-18 3:59:59,,,web,US,active,1.0,"{'item_id': 1, 'currency_code': 'USD'}"
342933,342241295,2024-03-19 1:13:14,2024-05-18 4:00:00,2024-06-18 3:59:59,,,web,US,active,1.0,"{'item_id': 1, 'currency_code': 'USD'}"
591337,884068148,2024-03-19 17:33:14,2024-05-19 4:00:00,2024-06-19 3:59:59,,,web,US,active,1.0,"{'item_id': 1, 'currency_code': 'USD'}"
437527,112240992,2024-03-19 17:48:52,2024-04-19 4:00:00,2024-05-19 3:59:59,,2024-05-04 4:00:00,web,US,cancelled,,"{'item_id': 1, 'currency_code': 'USD'}"
796327,958848255,2024-03-20 0:06:29,2024-03-19 4:00:00,2024-04-19 3:59:59,2024-04-13 21:25:09,2024-04-19 4:00:00,web,US,cancelled,,"{'item_id': 1, 'currency_code': 'USD'}"
435629,162099811,2024-03-20 0:52:56,2024-05-19 4:00:00,2024-05-29 3:59:59,,2024-05-29 4:00:00,web,US,cancelled,,"{'item_id': 1, 'currency_code': 'USD'}"
145266,893728682,2024-03-20 13:52:14,2024-04-20 4:00:00,2024-05-20 3:59:59,,2024-05-05 4:00:00,web,CA,cancelled,,"{'item_id': 1, 'currency_code': 'CAD'}"
662923,395354122,2024-03-20 17:51:55,2024-05-20 4:00:00,2024-06-20 3:59:59,,,web,US,active,1.0,"{'item_id': 1, 'currency_code': 'USD'}"
474881,995091935,2024-03-20 19:36:18,2024-05-20 4:00:00,2024-06-20 3:59:59,,,web,US,active,1.0,"{'item_id': 1, 'currency_code': 'USD'}"
970539,354306868,2024-03-20 20:48:58,2024-05-20 4:00:00,2024-06-20 3:59:59,,,web,US,active,1.0,"{'item_id': 1, 'currency_code': 'USD'}"
792953,833006349,2024-03-20 21:06:31,2024-05-20 4:00:00,2024-06-20 3:59:59,,,web,US,active,1.0,"{'item_id': 1, 'currency_code': 'USD'}"
153259,793214633,2024-03-20 21:28:06,2024-05-20 4:00:00,2024-06-20 3:59:59,,,web,US,active,1.0,"{'item_id': 1, 'currency_code': 'USD'}"
153259,793214633,2024-03-20 21:28:06,2024-05-20 4:00:00,2024-06-20 3:59:59,,,web,US,active,1.0,"{'item_id': 1, 'currency_code': 'USD'}"
180064,270742133,2024-03-21 0:20:27,2024-05-20 4:00:00,2024-06-20 3:59:59,,,web,US,active,1.0,"{'item_id': 1, 'currency_code': 'USD'}"
233674,342546968,2024-03-21 16:02:05,2024-03-21 4:00:00,2025-03-21 3:59:59,,,web,US,active,1.0,"{'item_id': 3, 'currency_code': 'USD'}"
400986,943641727,2024-03-21 20:27:38,2024-05-21 4:00:00,2024-06-21 3:59:59,,,web,US,active,1.0,"{'item_id': 1, 'currency_code': 'USD'}"
707211,401494798,2024-03-21 21:28:53,2024-05-21 4:00:00,2024-06-21 3:59:59,,,web,US,active,1.0,"{'item_id': 1, 'currency_code': 'USD'}"
246018,850583547,2024-03-22 0:23:42,2024-05-21 4:00:00,2024-06-21 3:59:59,,,web,US,active,1.0,"{'item_id': 1, 'currency_code': 'USD'}"
943491,232025391,2024-03-22 1:43:06,2024-03-21 4:00:00,2024-04-21 3:59:59,2024-03-22 1:54:32,2024-04-21 4:00:00,web,US,cancelled,,"{'item_id': 1, 'currency_code': 'USD'}"
429979,952522101,2024-03-22 14:11:55,2024-05-22 4:00:00,2024-06-22 3:59:59,,,web,US,active,1.0,"{'item_id': 1, 'currency_code': 'USD'}"
409593,449647384,2024-03-22 14:53:30,2024-05-22 4:00:00,2024-06-22 3:59:59,,,web,CA,active,1.36435,"{'item_id': 1, 'currency_code': 'CAD'}"
161118,217407684,2024-03-22 16:04:48,2024-05-22 4:00:00,2024-06-22 3:59:59,,,web,US,active,1.0,"{'item_id': 1, 'currency_code': 'USD'}"
190968,973819011,2024-03-22 19:33:23,2024-03-22 4:00:00,2025-03-22 3:59:59,,,web,US,active,1.0,"{'item_id': 3, 'currency_code': 'USD'}"
200268,879511150,2024-03-22 19:38:15,2024-05-22 4:00:00,2024-06-22 3:59:59,,,web,US,active,1.0,"{'item_id': 1, 'currency_code': 'USD'}"
228737,804593701,2024-03-22 20:59:50,2024-05-22 4:00:00,2024-06-22 3:59:59,,,web,US,active,1.0,"{'item_id': 1, 'currency_code': 'USD'}"
980424,207100414,2024-03-22 23:59:16,2024-05-22 4:00:00,2024-06-22 3:59:59,,,web,US,active,1.0,"{'item_id': 1, 'currency_code': 'USD'}"
433656,288630088,2024-03-23 4:45:40,2024-05-23 4:00:00,2024-06-23 3:59:59,,,web,US,active,1.0,"{'item_id': 1, 'currency_code': 'USD'}"
833122,295514848,2024-03-23 10:24:51,2024-05-23 4:00:00,2024-06-23 3:59:59,,,web,US,active,1.0,"{'item_id': 1, 'currency_code': 'USD'}"
235774,234621536,2024-03-23 15:48:46,2024-05-23 4:00:00,2024-06-23 3:59:59,,,web,US,active,1.0,"{'item_id': 1, 'currency_code': 'USD'}"
197173,338474319,2024-03-23 19:48:21,2024-03-23 4:00:00,2025-03-23 3:59:59,,,app_store,,active,1.0,"{'item_id': 4, 'currency_code': 'USD'}"
359798,302817758,2024-03-23 20:20:11,2024-04-23 4:00:00,2024-05-23 3:59:59,2024-04-23 23:45:41,2024-05-23 4:00:00,web,US,cancelled,,"{'item_id': 1, 'currency_code': 'USD'}"
318978,559559759,2024-03-23 20:44:58,2024-05-23 4:00:00,2024-06-23 3:59:59,,,web,US,active,1.0,"{'item_id': 1, 'currency_code': 'USD'}"
189563,867810805,2024-03-23 21:48:45,2024-05-23 4:00:00,2024-06-23 3:59:59,,,web,US,active,1.0,"{'item_id': 1, 'currency_code': 'USD'}"
633824,986736540,2024-03-24 22:08:20,2024-05-26 4:00:00,2024-06-26 3:59:59,,,app_store,,active,1.0,"{'item_id': 2, 'currency_code': 'USD'}"
844637,246565125,2024-03-24 22:09:20,2024-05-24 4:00:00,2024-06-24 3:59:59,,,web,US,active,1.0,"{'item_id': 1, 'currency_code': 'USD'}"
776168,271724778,2024-03-25 17:18:42,2024-05-25 4:00:00,2024-06-25 3:59:59,,,web,US,active,1.0,"{'item_id': 1, 'currency_code': 'USD'}"
227746,195643694,2024-03-25 20:03:51,2024-03-25 4:00:00,2025-03-25 3:59:59,,,web,US,active,1.0,"{'item_id': 3, 'currency_code': 'USD'}"
379721,277257961,2024-03-25 21:09:31,2024-05-25 4:00:00,2024-06-25 3:59:59,,,web,US,active,1.0,"{'item_id': 1, 'currency_code': 'USD'}"
390265,281544178,2024-03-25 21:12:04,2024-04-25 4:00:00,2024-05-25 3:59:59,,2024-05-10 4:00:00,web,US,cancelled,,"{'item_id': 1, 'currency_code': 'USD'}"
140066,135509424,2024-03-26 0:26:41,2024-05-25 4:00:00,2024-06-25 3:59:59,,,web,US,active,1.0,"{'item_id': 1, 'currency_code': 'USD'}"
752318,866251115,2024-03-26 14:24:52,2024-05-26 4:00:00,2024-06-26 3:59:59,,,web,US,active,1.0,"{'item_id': 1, 'currency_code': 'USD'}"
373428,433126576,2024-03-26 17:34:47,2024-05-26 4:00:00,2024-06-26 3:59:59,,,web,US,active,1.0,"{'item_id': 1, 'currency_code': 'USD'}"
290604,516776550,2024-03-26 19:09:49,2024-05-26 4:00:00,2024-06-26 3:59:59,,,web,US,active,1.0,"{'item_id': 1, 'currency_code': 'USD'}"
766330,656953264,2024-03-26 19:50:15,2024-05-26 4:00:00,2024-06-26 3:59:59,,,web,US,active,1.0,"{'item_id': 1, 'currency_code': 'USD'}"
416957,167788691,2024-03-26 21:21:01,2024-05-26 4:00:00,2024-06-26 3:59:59,,,app_store,,active,1.0,"{'item_id': 2, 'currency_code': 'USD'}"
816277,201110092,2024-03-27 4:19:40,2024-04-28 4:00:00,2024-05-27 4:00:00,2024-05-03 11:14:54,2024-05-27 4:00:00,play_store,,cancelled,,"{'item_id': 5, 'currency_code': 'USD'}"
153053,616165934,2024-03-27 7:14:30,2024-05-27 4:00:00,2024-06-27 3:59:59,,,web,US,active,1.0,"{'item_id': 1, 'currency_code': 'USD'}"
363085,670522936,2024-03-27 17:53:59,2024-05-27 4:00:00,2024-06-27 3:59:59,,,web,US,active,1.0,"{'item_id': 1, 'currency_code': 'USD'}"
595653,372507406,2024-03-27 18:23:47,2024-05-27 4:00:00,2024-06-27 3:59:59,,,web,US,active,1.0,"{'item_id': 1, 'currency_code': 'USD'}"
739215,688948177,2024-03-28 0:48:25,2024-05-27 4:00:00,2024-06-27 3:59:59,,,web,US,active,1.0,"{'item_id': 1, 'currency_code': 'USD'}"
865661,400363401,2024-03-28 1:47:50,2024-05-27 4:00:00,2024-06-27 3:59:59,,,app_store,,active,1.0,"{'item_id': 2, 'currency_code': 'USD'}"
695542,253356350,2024-03-28 3:35:17,2024-04-27 4:00:00,2024-05-27 3:59:59,,2024-05-12 4:00:00,web,US,cancelled,,"{'item_id': 1, 'currency_code': 'USD'}"
940901,660141815,2024-03-28 13:11:10,2024-05-28 4:00:00,2024-06-28 3:59:59,,,web,US,active,1.0,"{'item_id': 1, 'currency_code': 'USD'}"
228393,237704184,2024-03-28 14:06:21,2024-05-28 4:00:00,2024-06-28 3:59:59,,,web,CA,active,1.36289,"{'item_id': 1, 'currency_code': 'CAD'}"
228393,237704184,2024-03-28 14:06:21,2024-05-28 4:00:00,2024-06-28 3:59:59,,,web,CA,active,1.36289,"{'item_id': 1, 'currency_code': 'CAD'}"
876693,171662903,2024-03-28 15:38:31,2024-05-28 4:00:00,2024-06-28 3:59:59,,,web,US,active,1.0,"{'item_id': 1, 'currency_code': 'USD'}"
417909,303819958,2024-03-28 15:54:03,2024-05-28 4:00:00,2024-06-28 3:59:59,,,web,US,active,1.0,"{'item_id': 1, 'currency_code': 'USD'}"
645306,234307275,2024-03-28 20:25:01,2024-03-28 4:00:00,2025-03-28 3:59:59,,,web,US,active,1.0,"{'item_id': 3, 'currency_code': 'USD'}"
254120,176142169,2024-03-29 13:48:39,2024-05-29 4:00:00,2024-06-29 3:59:59,,,web,US,active,1.0,"{'item_id': 1, 'currency_code': 'USD'}"
908515,497180696,2024-03-29 13:58:11,2024-04-29 4:00:00,2024-04-30 3:59:59,2024-03-29 14:00:35,2024-04-30 4:00:00,app_store,,cancelled,,"{'item_id': 2, 'currency_code': 'USD'}"
918778,764088072,2024-03-29 16:32:32,2024-03-29 4:00:00,2024-04-04 3:59:59,,2024-04-04 4:00:00,web,CA,cancelled,,"{'item_id': 1, 'currency_code': 'CAD'}"
273276,788330194,2024-03-29 18:27:08,2024-05-29 4:00:00,2024-06-29 3:59:59,,,web,CA,active,1.364752,"{'item_id': 1, 'currency_code': 'CAD'}"
736999,302000615,2024-03-29 20:18:37,2024-05-29 4:00:00,2024-06-29 3:59:59,,,web,US,active,1.0,"{'item_id': 1, 'currency_code': 'USD'}"
824989,930637523,2024-03-30 5:27:22,2024-05-30 4:00:00,2024-06-30 3:59:59,,,web,US,active,1.0,"{'item_id': 1, 'currency_code': 'USD'}"
452423,458773144,2024-03-30 23:24:43,2024-05-30 4:00:00,2024-06-30 3:59:59,,,web,US,active,1.0,"{'item_id': 1, 'currency_code': 'USD'}"
884949,474364294,2024-03-30 23:45:10,2024-05-30 4:00:00,2024-06-30 3:59:59,,,web,US,active,1.0,"{'item_id': 1, 'currency_code': 'USD'}"
191196,524813335,2024-03-31 14:26:57,2024-05-31 4:00:00,2024-06-30 3:59:59,,,web,US,active,1.0,"{'item_id': 1, 'currency_code': 'USD'}"
229729,331351305,2024-03-31 17:08:19,2024-03-31 4:00:00,2025-03-31 3:59:59,,,app_store,,active,1.0,"{'item_id': 4, 'currency_code': 'USD'}"
944955,709971806,2024-03-31 22:56:18,2024-05-31 4:00:00,2024-06-30 3:59:59,,,web,US,active,1.0,"{'item_id': 1, 'currency_code': 'USD'}"
119785,280006755,2024-04-01 15:00:51,2024-06-01 4:00:00,2024-07-01 3:59:59,,,web,CA,active,1.364236,"{'item_id': 1, 'currency_code': 'CAD'}"
145661,281972327,2024-04-01 18:11:06,2024-06-01 4:00:00,2024-07-01 3:59:59,,,web,CA,active,1.364236,"{'item_id': 1, 'currency_code': 'CAD'}"
736810,972116654,2024-04-02 2:52:24,2024-05-01 4:00:00,2024-05-01 4:00:00,2024-04-03 23:17:02,2024-05-01 4:00:00,play_store,,cancelled,,"{'item_id': 5, 'currency_code': 'USD'}"
748669,357915178,2024-04-02 12:30:03,2024-06-02 4:00:00,2024-07-02 3:59:59,,,web,US,active,1.0,"{'item_id': 1, 'currency_code': 'USD'}"
503714,716134148,2024-04-02 14:26:02,2024-06-02 4:00:00,2024-06-03 3:59:59,2024-05-19 22:44:36,2024-06-03 4:00:00,app_store,,cancelled,,"{'item_id': 2, 'currency_code': 'USD'}"
243124,478201841,2024-04-02 14:39:16,2024-06-02 4:00:00,2024-07-02 3:59:59,,,web,US,active,1.0,"{'item_id': 1, 'currency_code': 'USD'}"
511130,536912636,2024-04-02 16:07:38,2024-04-02 4:00:00,2025-04-02 3:59:59,,,web,US,active,1.0,"{'item_id': 3, 'currency_code': 'USD'}"
440066,616587812,2024-04-02 19:51:48,2024-06-02 4:00:00,2024-07-02 3:59:59,,,web,US,active,1.0,"{'item_id': 1, 'currency_code': 'USD'}"
678796,357130897,2024-04-02 20:31:41,2024-06-02 4:00:00,2024-07-02 3:59:59,,,app_store,,active,1.0,"{'item_id': 2, 'currency_code': 'USD'}"
423425,588634442,2024-04-02 20:53:22,2024-06-02 4:00:00,2024-07-02 3:59:59,,,web,US,active,1.0,"{'item_id': 1, 'currency_code': 'USD'}"
169962,597156002,2024-04-03 0:22:14,2024-05-02 4:00:00,2024-05-29 3:59:59,,2024-05-29 4:00:00,web,US,cancelled,,"{'item_id': 1, 'currency_code': 'USD'}"
521944,599055604,2024-04-03 16:09:51,2024-06-03 4:00:00,2024-07-03 3:59:59,,,web,US,active,1.0,"{'item_id': 1, 'currency_code': 'USD'}"
708754,964874241,2024-04-03 17:15:45,2024-06-03 4:00:00,2024-07-03 3:59:59,,,web,US,active,1.0,"{'item_id': 1, 'currency_code': 'USD'}"
198077,815539976,2024-04-03 21:56:00,2024-06-03 4:00:00,2024-07-03 3:59:59,,,web,CA,active,1.361956,"{'item_id': 1, 'currency_code': 'CAD'}"
263513,761999825,2024-04-04 0:42:06,2024-06-03 4:00:00,2024-07-03 3:59:59,,,web,US,active,1.0,"{'item_id': 1, 'currency_code': 'USD'}"
133480,373374895,2024-04-04 2:53:47,2024-04-03 4:00:00,2024-05-03 3:59:59,2024-04-29 21:49:47,2024-05-03 4:00:00,web,US,cancelled,,"{'item_id': 1, 'currency_code': 'USD'}"
342358,938334804,2024-04-04 12:56:53,2024-05-04 4:00:00,2024-06-04 3:59:59,,,web,US,active,1.0,"{'item_id': 1, 'currency_code': 'USD'}"
611834,810822099,2024-04-04 18:12:23,2024-05-04 4:00:00,2024-05-21 3:59:59,2024-05-04 18:12:35,2024-05-21 4:00:00,app_store,,cancelled,,"{'item_id': 2, 'currency_code': 'USD'}"
606707,957816831,2024-04-04 18:29:47,2024-05-04 4:00:00,2024-06-04 3:59:59,,,web,US,active,1.0,"{'item_id': 1, 'currency_code': 'USD'}"
994961,162885421,2024-04-05 13:36:14,2024-05-05 4:00:00,2024-06-05 3:59:59,,,web,US,active,1.0,"{'item_id': 1, 'currency_code': 'USD'}"
341113,839058228,2024-04-05 18:10:29,2024-05-05 4:00:00,2024-05-13 3:59:59,,2024-05-13 4:00:00,web,US,cancelled,,"{'item_id': 1, 'currency_code': 'USD'}"
791467,857776710,2024-04-05 22:14:28,2024-05-05 4:00:00,2024-06-05 3:59:59,,,web,US,active,1.0,"{'item_id': 1, 'currency_code': 'USD'}"
272915,719028870,2024-04-06 3:04:34,2024-05-05 4:00:00,2024-06-05 3:59:59,,,web,US,active,1.0,"{'item_id': 1, 'currency_code': 'USD'}"
145978,646046009,2024-04-06 3:44:56,2024-05-05 4:00:00,2024-06-05 3:59:59,,,web,US,active,1.0,"{'item_id': 1, 'currency_code': 'USD'}"
859989,774902062,2024-04-06 13:51:16,2024-05-06 4:00:00,2024-05-07 3:59:59,2024-04-16 9:52:20,2024-05-07 4:00:00,app_store,,cancelled,,"{'item_id': 2, 'currency_code': 'USD'}"
425376,400661101,2024-04-06 14:56:32,2024-05-06 4:00:00,2024-06-06 3:59:59,,,web,US,active,1.0,"{'item_id': 1, 'currency_code': 'USD'}"
133459,480082307,2024-04-06 15:04:18,2024-05-06 4:00:00,2024-06-06 3:59:59,,,web,US,active,1.0,"{'item_id': 1, 'currency_code': 'USD'}"
729063,886424853,2024-04-06 15:18:52,2024-05-06 4:00:00,2024-06-06 3:59:59,,,app_store,,active,1.0,"{'item_id': 2, 'currency_code': 'USD'}"
979245,201372277,2024-04-06 16:54:48,2024-05-06 4:00:00,2024-06-06 3:59:59,,,web,US,active,1.0,"{'item_id': 1, 'currency_code': 'USD'}"
165717,387653216,2024-04-06 17:45:53,2024-05-06 4:00:00,2024-06-06 3:59:59,,,web,US,active,1.0,"{'item_id': 1, 'currency_code': 'USD'}"
362280,209368711,2024-04-06 18:08:25,2024-04-06 4:00:00,2025-04-06 3:59:59,,,web,US,active,1.0,"{'item_id': 3, 'currency_code': 'USD'}"
669317,235385638,2024-04-06 18:14:05,2024-05-06 4:00:00,2024-06-06 3:59:59,,,web,US,active,1.0,"{'item_id': 1, 'currency_code': 'USD'}"
628056,386638271,2024-04-06 23:02:33,2024-05-06 4:00:00,2024-06-06 3:59:59,2024-05-23 20:34:17,2024-06-06 4:00:00,web,CA,non_renewing,1.3692,"{'item_id': 1, 'currency_code': 'CAD'}"
941179,442961446,2024-04-07 2:01:25,2024-04-06 4:00:00,2025-04-06 3:59:59,,,web,US,active,1.0,"{'item_id': 3, 'currency_code': 'USD'}"
508857,796546511,2024-04-07 15:17:03,2024-05-07 4:00:00,2024-06-07 3:59:59,,,play_store,,active,1.0,"{'item_id': 5, 'currency_code': 'USD'}"
525657,471628132,2024-04-07 18:36:58,2024-05-07 4:00:00,2024-06-07 3:59:59,,,web,US,active,1.0,"{'item_id': 1, 'currency_code': 'USD'}"
230592,891476708,2024-04-07 20:09:06,2024-05-07 4:00:00,2024-06-07 3:59:59,,,web,US,active,1.0,"{'item_id': 1, 'currency_code': 'USD'}"
120870,794317062,2024-04-08 13:48:41,2024-05-08 4:00:00,2024-06-08 3:59:59,,,web,US,active,1.0,"{'item_id': 1, 'currency_code': 'USD'}"
976419,603786579,2024-04-08 15:09:41,2024-05-08 4:00:00,2024-06-08 3:59:59,,,web,US,active,1.0,"{'item_id': 1, 'currency_code': 'USD'}"
822745,438197540,2024-04-08 18:32:29,2024-05-08 4:00:00,2024-06-08 3:59:59,,,web,US,active,1.0,"{'item_id': 1, 'currency_code': 'USD'}"
974660,318669305,2024-04-09 2:37:39,2024-05-08 4:00:00,2024-06-08 3:59:59,,,web,US,active,1.0,"{'item_id': 1, 'currency_code': 'USD'}"
430282,320957353,2024-04-09 3:47:30,2024-05-08 4:00:00,2024-06-08 3:59:59,,,web,US,active,1.0,"{'item_id': 1, 'currency_code': 'USD'}"
636904,298861708,2024-04-09 14:31:27,2024-05-09 4:00:00,2024-06-09 3:59:59,,2024-05-24 4:00:00,web,US,cancelled,,"{'item_id': 1, 'currency_code': 'USD'}"
789845,275479020,2024-04-09 14:36:56,2024-05-09 4:00:00,2024-06-09 3:59:59,,,web,US,active,1.0,"{'item_id': 1, 'currency_code': 'USD'}"
326174,605095951,2024-04-09 17:08:47,2024-05-09 4:00:00,2024-06-09 3:59:59,,,web,US,active,1.0,"{'item_id': 1, 'currency_code': 'USD'}"
409121,626600242,2024-04-10 5:09:11,2024-05-10 4:00:00,2024-06-10 3:59:59,,,web,US,active,1.0,"{'item_id': 1, 'currency_code': 'USD'}"
181975,362231023,2024-04-10 18:50:35,2024-05-10 4:00:00,2024-06-10 3:59:59,,,web,US,active,1.0,"{'item_id': 1, 'currency_code': 'USD'}"
833153,779754665,2024-04-10 19:24:11,2024-05-10 4:00:00,2024-06-10 3:59:59,,,web,US,active,1.0,"{'item_id': 1, 'currency_code': 'USD'}"
954521,914808568,2024-04-10 21:03:14,2024-04-10 4:00:00,2025-04-10 3:59:59,,,web,US,active,1.0,"{'item_id': 3, 'currency_code': 'USD'}"
922696,931624550,2024-04-11 14:33:01,2024-05-11 4:00:00,2024-06-11 3:59:59,2024-05-14 16:36:57,2024-06-11 4:00:00,web,US,non_renewing,1.0,"{'item_id': 1, 'currency_code': 'USD'}"
270168,962331349,2024-04-11 17:32:22,2024-05-11 4:00:00,2024-06-11 3:59:59,,,web,US,active,1.0,"{'item_id': 1, 'currency_code': 'USD'}"
159750,927441677,2024-04-11 18:51:07,2024-05-11 4:00:00,2024-06-11 3:59:59,,,web,US,active,1.0,"{'item_id': 1, 'currency_code': 'USD'}"
825278,817481415,2024-04-11 20:00:00,2024-05-11 4:00:00,2024-06-11 3:59:59,,,web,US,active,1.0,"{'item_id': 1, 'currency_code': 'USD'}"
155800,553197034,2024-04-11 21:31:27,2024-05-11 4:00:00,2024-06-11 3:59:59,,,web,US,active,1.0,"{'item_id': 1, 'currency_code': 'USD'}"
969857,545595905,2024-04-11 23:49:55,2024-04-11 4:00:00,2025-04-11 3:59:59,,,web,US,active,1.0,"{'item_id': 3, 'currency_code': 'USD'}"
263057,861383387,2024-04-11 23:55:03,2024-05-11 4:00:00,2024-05-20 3:59:59,,2024-05-20 4:00:00,web,US,cancelled,,"{'item_id': 1, 'currency_code': 'USD'}"
420542,149201392,2024-04-12 14:54:45,2024-05-12 4:00:00,2024-06-12 3:59:59,,,web,US,active,1.0,"{'item_id': 1, 'currency_code': 'USD'}"
880882,299554959,2024-04-12 16:51:53,2024-05-12 4:00:00,2024-06-12 3:59:59,,,web,US,active,1.0,"{'item_id': 1, 'currency_code': 'USD'}"
818160,729977001,2024-04-12 20:41:17,2024-05-12 4:00:00,2024-06-12 3:59:59,,,web,US,active,1.0,"{'item_id': 1, 'currency_code': 'USD'}"
218689,196566692,2024-04-13 22:05:43,2024-05-13 4:00:00,2024-06-13 3:59:59,,,web,US,active,1.0,"{'item_id': 1, 'currency_code': 'USD'}"
872839,742815609,2024-04-13 22:22:57,2024-05-13 4:00:00,2024-06-13 3:59:59,,,web,US,active,1.0,"{'item_id': 1, 'currency_code': 'USD'}"
929124,183390578,2024-04-14 1:55:15,2024-05-13 4:00:00,2024-06-13 3:59:59,,2024-05-28 4:00:00,web,US,cancelled,,"{'item_id': 1, 'currency_code': 'USD'}"
568454,692724170,2024-04-14 18:01:54,2024-05-14 4:00:00,2024-06-14 3:59:59,,2024-05-29 4:00:00,web,US,cancelled,,"{'item_id': 1, 'currency_code': 'USD'}"
899137,407981473,2024-04-14 21:44:38,2024-04-14 4:00:00,2024-05-14 3:59:59,2024-04-15 1:33:31,2024-05-14 4:00:00,web,CA,cancelled,,"{'item_id': 1, 'currency_code': 'CAD'}"
767221,840334110,2024-04-15 4:33:27,2024-05-15 4:00:00,2024-06-15 3:59:59,,,web,US,active,1.0,"{'item_id': 1, 'currency_code': 'USD'}"
213939,613775842,2024-04-15 11:50:45,2024-05-15 4:00:00,2024-06-15 3:59:59,,,web,US,active,1.0,"{'item_id': 1, 'currency_code': 'USD'}"
496869,691537659,2024-04-15 16:52:03,2024-05-15 4:00:00,2024-06-15 3:59:59,,,web,US,active,1.0,"{'item_id': 1, 'currency_code': 'USD'}"
328848,453786801,2024-04-15 21:54:30,2024-05-15 4:00:00,2024-06-15 3:59:59,,,web,US,active,1.0,"{'item_id': 1, 'currency_code': 'USD'}"
940888,336684607,2024-04-16 1:07:06,2024-05-15 4:00:00,2024-05-29 3:59:59,,2024-05-29 4:00:00,web,US,cancelled,,"{'item_id': 1, 'currency_code': 'USD'}"
287934,284556382,2024-04-16 17:52:05,2024-05-16 4:00:00,2024-06-16 3:59:59,,,web,US,active,1.0,"{'item_id': 1, 'currency_code': 'USD'}"
443729,123648589,2024-04-16 18:59:30,2024-05-16 4:00:00,2024-06-16 3:59:59,,,web,US,active,1.0,"{'item_id': 1, 'currency_code': 'USD'}"
191214,751661129,2024-04-17 14:10:55,2024-05-17 4:00:00,2024-06-17 3:59:59,,,web,US,active,1.0,"{'item_id': 1, 'currency_code': 'USD'}"
680365,741060116,2024-04-17 17:24:47,2024-05-17 4:00:00,2024-06-17 3:59:59,,,web,US,active,1.0,"{'item_id': 1, 'currency_code': 'USD'}"
751499,422634227,2024-04-17 18:46:23,2024-05-17 4:00:00,2024-06-17 3:59:59,,,web,US,active,1.0,"{'item_id': 1, 'currency_code': 'USD'}"
539023,117394361,2024-04-17 21:17:50,2024-05-17 4:00:00,2024-06-17 3:59:59,,,web,CA,active,1.361521,"{'item_id': 1, 'currency_code': 'CAD'}"
809693,991989969,2024-04-18 14:13:29,2024-05-18 4:00:00,2024-06-18 3:59:59,,,web,US,active,1.0,"{'item_id': 1, 'currency_code': 'USD'}"
602707,880946386,2024-04-18 19:56:46,2024-04-18 4:00:00,2025-04-18 3:59:59,,,web,US,active,1.0,"{'item_id': 3, 'currency_code': 'USD'}"
269496,663683477,2024-04-19 10:23:46,2024-05-19 4:00:00,2024-06-19 3:59:59,,2024-06-03 4:00:00,web,US,cancelled,,"{'item_id': 1, 'currency_code': 'USD'}"
645591,277527601,2024-04-21 2:03:17,2024-05-20 4:00:00,2024-06-20 3:59:59,,,web,US,active,1.0,"{'item_id': 1, 'currency_code': 'USD'}"
438909,479989049,2024-04-21 13:38:56,2024-05-21 4:00:00,2024-06-21 3:59:59,,,play_store,,active,1.0,"{'item_id': 5, 'currency_code': 'USD'}"
496845,579549863,2024-04-21 22:06:20,2024-05-21 4:00:00,2024-06-21 3:59:59,,,web,US,active,1.0,"{'item_id': 1, 'currency_code': 'USD'}"
751063,235656222,2024-04-22 15:00:42,2024-04-22 4:00:00,2024-05-08 3:59:59,,2024-05-08 4:00:00,web,US,cancelled,,"{'item_id': 1, 'currency_code': 'USD'}"
581307,539561764,2024-04-22 20:04:08,2024-04-22 4:00:00,2024-05-22 3:59:59,2024-05-20 19:53:23,2024-05-22 4:00:00,web,US,cancelled,,"{'item_id': 1, 'currency_code': 'USD'}"
914059,901118634,2024-04-22 21:14:33,2024-05-22 4:00:00,2024-06-22 3:59:59,,,web,US,active,1.0,"{'item_id': 1, 'currency_code': 'USD'}"
264144,967256155,2024-04-23 1:10:01,2024-05-22 4:00:00,2024-06-22 3:59:59,,,app_store,,active,1.0,"{'item_id': 2, 'currency_code': 'USD'}"
874548,658690519,2024-04-23 2:45:04,2024-05-22 4:00:00,2024-06-22 3:59:59,,,web,US,active,1.0,"{'item_id': 1, 'currency_code': 'USD'}"
558494,363282048,2024-04-23 16:16:27,2024-05-23 4:00:00,2024-06-23 3:59:59,,,web,US,active,1.0,"{'item_id': 1, 'currency_code': 'USD'}"
694119,255394566,2024-04-24 12:37:47,2024-04-24 4:00:00,2025-04-24 3:59:59,,,web,US,active,1.0,"{'item_id': 3, 'currency_code': 'USD'}"
696666,418626394,2024-04-24 14:36:13,2024-05-24 4:00:00,2024-06-24 3:59:59,,,web,US,active,1.0,"{'item_id': 1, 'currency_code': 'USD'}"
955284,313380836,2024-04-24 19:00:01,2024-05-24 4:00:00,2024-06-24 3:59:59,,,web,US,active,1.0,"{'item_id': 1, 'currency_code': 'USD'}"
379515,545582641,2024-04-24 19:53:13,2024-05-24 4:00:00,2024-06-24 3:59:59,,,web,US,active,1.0,"{'item_id': 1, 'currency_code': 'USD'}"
310980,485688648,2024-04-24 22:29:45,2024-05-24 4:00:00,2024-06-24 3:59:59,,,web,US,active,1.0,"{'item_id': 1, 'currency_code': 'USD'}"
872774,373044533,2024-04-25 13:38:46,2024-05-25 4:00:00,2024-06-25 3:59:59,,,web,US,active,1.0,"{'item_id': 1, 'currency_code': 'USD'}"
404701,435675656,2024-04-25 14:15:48,2024-05-25 4:00:00,2024-06-25 3:59:59,,,play_store,,active,1.0,"{'item_id': 5, 'currency_code': 'USD'}"
301730,857658367,2024-04-25 14:25:33,2024-05-25 4:00:00,2024-06-25 3:59:59,,,web,US,active,1.0,"{'item_id': 1, 'currency_code': 'USD'}"
436694,755403373,2024-04-25 15:55:49,2024-04-25 4:00:00,2024-05-25 3:59:59,2024-04-25 17:09:03,2024-05-25 4:00:00,web,US,cancelled,,"{'item_id': 1, 'currency_code': 'USD'}"
135134,370915630,2024-04-25 21:25:50,2024-04-25 4:00:00,2025-04-25 3:59:59,,,web,US,active,1.0,"{'item_id': 3, 'currency_code': 'USD'}"
233092,319408150,2024-04-26 19:50:27,2024-04-26 4:00:00,2024-05-06 3:59:59,,2024-05-06 4:00:00,web,CA,cancelled,,"{'item_id': 1, 'currency_code': 'CAD'}"
561227,814081063,2024-04-26 19:52:00,2024-05-26 4:00:00,2024-06-26 3:59:59,,,web,US,active,1.0,"{'item_id': 1, 'currency_code': 'USD'}"
231377,859909928,2024-04-27 19:19:51,2024-05-27 4:00:00,2024-06-27 3:59:59,,,web,CA,active,1.36703,"{'item_id': 1, 'currency_code': 'CAD'}"
693988,194548346,2024-04-28 12:18:09,2024-04-28 4:00:00,2025-04-28 3:59:59,,,web,US,active,1.0,"{'item_id': 3, 'currency_code': 'USD'}"
541101,909161345,2024-04-28 15:53:44,2024-05-28 4:00:00,2024-06-28 3:59:59,,,web,US,active,1.0,"{'item_id': 1, 'currency_code': 'USD'}"
320127,264361199,2024-04-29 14:28:14,2024-05-29 4:00:00,2024-06-29 3:59:59,,,web,US,active,1.0,"{'item_id': 1, 'currency_code': 'USD'}"
904381,692168521,2024-04-29 16:38:20,2024-05-29 4:00:00,2024-06-29 3:59:59,,,web,US,active,1.0,"{'item_id': 1, 'currency_code': 'USD'}"
388330,697068270,2024-04-29 17:40:14,2024-05-29 4:00:00,2024-06-29 3:59:59,,,web,US,active,1.0,"{'item_id': 1, 'currency_code': 'USD'}"
737487,500625811,2024-04-29 19:19:24,2024-05-29 4:00:00,2024-06-29 3:59:59,,,web,US,active,1.0,"{'item_id': 1, 'currency_code': 'USD'}"
649594,903342695,2024-04-29 21:16:32,2024-04-29 4:00:00,2024-05-29 3:59:59,2024-04-29 22:25:29,2024-05-29 4:00:00,web,US,cancelled,,"{'item_id': 1, 'currency_code': 'USD'}"
491777,725564745,2024-04-29 22:04:15,2024-05-29 4:00:00,2024-06-29 3:59:59,,,web,US,active,1.0,"{'item_id': 1, 'currency_code': 'USD'}"
203403,607734121,2024-04-30 0:59:49,2024-05-29 4:00:00,2024-06-29 3:59:59,,,web,US,active,1.0,"{'item_id': 1, 'currency_code': 'USD'}"
324341,188781344,2024-04-30 16:37:47,2024-05-30 4:00:00,2024-06-30 3:59:59,,,web,US,active,1.0,"{'item_id': 1, 'currency_code': 'USD'}"
678917,864477444,2024-05-01 17:12:54,2024-06-01 4:00:00,2024-07-01 3:59:59,,,app_store,,active,1.0,"{'item_id': 2, 'currency_code': 'USD'}"
246791,184329647,2024-05-02 13:58:35,2024-05-02 4:00:00,2025-05-02 3:59:59,,,web,US,active,1.0,"{'item_id': 3, 'currency_code': 'USD'}"
719751,905355244,2024-05-02 19:03:08,2024-06-02 4:00:00,2024-07-02 3:59:59,,,web,US,active,1.0,"{'item_id': 1, 'currency_code': 'USD'}"
925809,348184430,2024-05-02 19:23:00,2024-06-02 4:00:00,2024-07-02 3:59:59,,,web,US,active,1.0,"{'item_id': 1, 'currency_code': 'USD'}"
124895,853284647,2024-05-02 23:53:14,2024-06-02 4:00:00,2024-07-02 3:59:59,,,web,US,active,1.0,"{'item_id': 1, 'currency_code': 'USD'}"
379436,539275536,2024-05-03 3:07:08,2024-06-02 4:00:00,2024-07-02 3:59:59,,,app_store,,active,1.0,"{'item_id': 2, 'currency_code': 'USD'}"
504905,884450235,2024-05-03 14:04:21,2024-06-03 4:00:00,2024-07-03 3:59:59,,,web,US,active,1.0,"{'item_id': 1, 'currency_code': 'USD'}"
587525,643261077,2024-05-03 22:43:08,2024-06-03 4:00:00,2024-07-03 3:59:59,,,web,US,active,1.0,"{'item_id': 1, 'currency_code': 'USD'}"
848156,914334360,2024-05-04 20:30:18,2024-05-04 4:00:00,2024-06-04 3:59:59,2024-06-01 22:16:02,2024-06-04 4:00:00,web,CA,non_renewing,1.36675,"{'item_id': 1, 'currency_code': 'CAD'}"
997697,856991356,2024-05-04 23:10:29,2024-05-04 4:00:00,2024-06-04 3:59:59,,,web,CA,active,1.36675,"{'item_id': 1, 'currency_code': 'CAD'}"
947517,464145242,2024-05-05 13:37:44,2024-05-05 4:00:00,2024-06-05 3:59:59,,,app_store,,active,1.0,"{'item_id': 2, 'currency_code': 'USD'}"
125621,627191756,2024-05-05 21:54:03,2024-05-05 4:00:00,2025-05-05 3:59:59,,,app_store,,active,1.0,"{'item_id': 4, 'currency_code': 'USD'}"
112458,563134566,2024-05-06 0:33:41,2024-05-05 4:00:00,2024-06-05 3:59:59,,,web,US,active,1.0,"{'item_id': 1, 'currency_code': 'USD'}"
501116,637286770,2024-05-06 11:59:06,2024-05-06 4:00:00,2024-06-06 3:59:59,,,web,US,active,1.0,"{'item_id': 1, 'currency_code': 'USD'}"
600324,663863462,2024-05-07 14:11:27,2024-05-07 4:00:00,2024-05-31 3:59:59,,2024-05-31 4:00:00,web,US,cancelled,,"{'item_id': 1, 'currency_code': 'USD'}"
686761,992249052,2024-05-07 17:43:31,2024-05-07 4:00:00,2024-06-07 3:59:59,,,web,US,active,1.0,"{'item_id': 1, 'currency_code': 'USD'}"
548145,815119554,2024-05-09 23:18:20,2024-05-09 4:00:00,2024-06-09 3:59:59,,,web,US,active,1.0,"{'item_id': 1, 'currency_code': 'USD'}"
451751,686017361,2024-05-10 18:09:29,2024-05-10 4:00:00,2024-06-10 3:59:59,,,web,US,active,1.0,"{'item_id': 1, 'currency_code': 'USD'}"
544356,928087813,2024-05-10 21:40:32,2024-05-10 4:00:00,2025-05-10 3:59:59,,,web,US,active,1.0,"{'item_id': 3, 'currency_code': 'USD'}"
577899,237914420,2024-05-11 20:19:06,2024-05-11 4:00:00,2024-06-11 3:59:59,,,web,US,active,1.0,"{'item_id': 1, 'currency_code': 'USD'}"
943086,781571101,2024-05-13 9:02:06,2024-05-13 4:00:00,2024-06-13 3:59:59,,,app_store,,active,1.0,"{'item_id': 2, 'currency_code': 'USD'}"
545781,985757584,2024-05-13 16:30:33,2024-05-13 4:00:00,2024-06-13 3:59:59,,,web,US,active,1.0,"{'item_id': 1, 'currency_code': 'USD'}"
337520,699701055,2024-05-13 17:55:10,2024-05-13 4:00:00,2024-06-13 3:59:59,,,web,US,active,1.0,"{'item_id': 1, 'currency_code': 'USD'}"
954634,950579014,2024-05-14 0:11:59,2024-05-13 4:00:00,2024-06-13 3:59:59,,,app_store,,active,1.0,"{'item_id': 2, 'currency_code': 'USD'}"
810565,676410733,2024-05-14 3:49:44,2024-05-13 4:00:00,2024-06-13 3:59:59,,,web,US,active,1.0,"{'item_id': 1, 'currency_code': 'USD'}"
111237,615985301,2024-05-15 5:11:11,2024-05-15 4:00:00,2024-06-15 3:59:59,,,app_store,,active,1.0,"{'item_id': 2, 'currency_code': 'USD'}"
763353,532537265,2024-05-15 17:14:59,2024-05-15 4:00:00,2024-06-15 3:59:59,,,web,US,active,1.0,"{'item_id': 1, 'currency_code': 'USD'}"
699836,681834742,2024-05-15 22:34:55,2024-05-15 4:00:00,2024-06-15 3:59:59,,,web,US,active,1.0,"{'item_id': 1, 'currency_code': 'USD'}"
602321,196524390,2024-05-16 2:36:52,2024-05-15 4:00:00,2025-05-15 3:59:59,,,web,US,active,1.0,"{'item_id': 3, 'currency_code': 'USD'}"
709680,466724459,2024-05-16 15:41:16,2024-05-16 4:00:00,2025-05-16 3:59:59,,,web,US,active,1.0,"{'item_id': 3, 'currency_code': 'USD'}"
655134,752704089,2024-05-16 19:37:05,2024-05-16 4:00:00,2024-06-16 3:59:59,,,web,US,active,1.0,"{'item_id': 1, 'currency_code': 'USD'}"
891612,835970074,2024-05-17 8:41:35,2024-05-17 4:00:00,2025-05-17 3:59:59,,,web,US,active,1.0,"{'item_id': 3, 'currency_code': 'USD'}"
389676,503342470,2024-05-17 16:34:51,2024-05-17 4:00:00,2024-06-17 3:59:59,,,web,US,active,1.0,"{'item_id': 1, 'currency_code': 'USD'}"
687080,898233955,2024-05-18 16:31:15,2024-05-18 4:00:00,2024-06-18 3:59:59,,,web,US,active,1.0,"{'item_id': 1, 'currency_code': 'USD'}"
394048,510004611,2024-05-20 0:42:28,2024-05-19 4:00:00,2024-06-19 3:59:59,,,web,CA,active,1.360888,"{'item_id': 1, 'currency_code': 'CAD'}"
670040,793950764,2024-05-20 15:29:56,2024-05-20 4:00:00,2024-06-20 3:59:59,,,web,US,active,1.0,"{'item_id': 1, 'currency_code': 'USD'}"
692901,506714474,2024-05-20 22:13:23,2024-05-20 4:00:00,2024-06-20 3:59:59,,,web,US,active,1.0,"{'item_id': 1, 'currency_code': 'USD'}"
963981,522769984,2024-05-21 2:21:26,2024-05-20 4:00:00,2024-06-20 3:59:59,,,web,US,active,1.0,"{'item_id': 1, 'currency_code': 'USD'}"
478380,671746408,2024-05-21 2:50:36,2024-05-20 4:00:00,2024-06-20 3:59:59,,,web,US,active,1.0,"{'item_id': 1, 'currency_code': 'USD'}"
292425,592003167,2024-05-21 14:57:22,2024-05-21 4:00:00,2024-06-21 3:59:59,,,web,US,active,1.0,"{'item_id': 1, 'currency_code': 'USD'}"
516329,764649904,2024-05-21 16:01:52,2024-05-21 4:00:00,2024-06-21 3:59:59,,,web,US,active,1.0,"{'item_id': 1, 'currency_code': 'USD'}"
836907,405861337,2024-05-22 15:32:18,2024-05-22 4:00:00,2024-06-22 3:59:59,,,web,US,active,1.0,"{'item_id': 1, 'currency_code': 'USD'}"
218214,977971626,2024-05-22 22:14:09,2024-05-22 4:00:00,2024-06-22 3:59:59,,,web,US,active,1.0,"{'item_id': 1, 'currency_code': 'USD'}"
568694,742677901,2024-05-23 14:25:29,2024-05-23 4:00:00,2024-06-23 3:59:59,,,web,US,active,1.0,"{'item_id': 1, 'currency_code': 'USD'}"
316703,637210683,2024-05-23 15:26:23,2024-05-23 4:00:00,2024-06-23 3:59:59,,,web,US,active,1.0,"{'item_id': 1, 'currency_code': 'USD'}"
229008,745091754,2024-05-23 22:51:54,2024-05-23 4:00:00,2024-06-23 3:59:59,,,web,US,active,1.0,"{'item_id': 1, 'currency_code': 'USD'}"
367511,122528322,2024-05-23 23:32:42,2024-05-23 4:00:00,2024-06-23 3:59:59,2024-05-24 0:04:23,2024-06-23 4:00:00,web,US,non_renewing,1.0,"{'item_id': 1, 'currency_code': 'USD'}"
393863,304981783,2024-05-26 1:06:08,2024-05-25 4:00:00,2024-06-25 3:59:59,,,web,US,active,1.0,"{'item_id': 1, 'currency_code': 'USD'}"
662139,779193171,2024-05-26 16:13:29,2024-05-26 4:00:00,2025-05-26 3:59:59,,,web,US,active,1.0,"{'item_id': 3, 'currency_code': 'USD'}"
504149,783991272,2024-05-27 16:00:42,2024-05-27 4:00:00,2024-06-27 3:59:59,,,web,US,active,1.0,"{'item_id': 1, 'currency_code': 'USD'}"
946241,931946180,2024-05-27 16:08:26,2024-05-27 4:00:00,2024-06-27 3:59:59,,,web,US,active,1.0,"{'item_id': 1, 'currency_code': 'USD'}"
794980,259417722,2024-05-27 23:03:23,2024-05-27 4:00:00,2025-05-27 3:59:59,,,web,US,active,1.0,"{'item_id': 3, 'currency_code': 'USD'}"
722208,379977726,2024-05-27 23:33:46,2024-05-27 4:00:00,2024-06-27 3:59:59,,,web,US,active,1.0,"{'item_id': 1, 'currency_code': 'USD'}"
597493,109339781,2024-05-27 23:50:08,2024-05-27 4:00:00,2024-06-27 3:59:59,,,web,CA,active,1.36703,"{'item_id': 1, 'currency_code': 'CAD'}"
174354,266473188,2024-05-28 16:12:53,2024-05-28 4:00:00,2024-06-28 3:59:59,,,web,US,active,1.0,"{'item_id': 1, 'currency_code': 'USD'}"
444686,218277521,2024-05-28 17:12:42,2024-05-28 4:00:00,2024-06-28 3:59:59,,,web,US,active,1.0,"{'item_id': 1, 'currency_code': 'USD'}"
378995,885163474,2024-05-29 19:19:37,2024-05-29 4:00:00,2024-06-29 3:59:59,,,web,US,active,1.0,"{'item_id': 1, 'currency_code': 'USD'}"
601476,529958945,2024-05-30 4:16:33,2024-05-30 4:00:00,2025-05-30 3:59:59,,,web,US,active,1.0,"{'item_id': 3, 'currency_code': 'USD'}"
523059,370821257,2024-05-31 17:34:08,2024-05-31 4:00:00,2025-05-31 3:59:59,,,web,US,active,1.0,"{'item_id': 3, 'currency_code': 'USD'}"
803206,610664751,2024-06-01 14:07:32,2024-06-01 4:00:00,2024-07-01 3:59:59,,,web,US,active,1.0,"{'item_id': 1, 'currency_code': 'USD'}"
901661,891326817,2024-06-01 14:35:46,2024-06-01 4:00:00,2024-07-01 3:59:59,,,web,US,active,1.0,"{'item_id': 1, 'currency_code': 'USD'}"
244826,131468703,2024-06-02 0:35:52,2024-06-01 4:00:00,2024-07-01 3:59:59,,,web,US,active,1.0,"{'item_id': 1, 'currency_code': 'USD'}"
893450,832570521,2024-06-02 15:57:47,2024-06-02 4:00:00,2024-07-02 3:59:59,,,web,US,active,1.0,"{'item_id': 1, 'currency_code': 'USD'}"
436813,158858418,2024-06-03 2:47:13,2024-06-02 4:00:00,2024-07-02 3:59:59,,,web,US,active,1.0,"{'item_id': 1, 'currency_code': 'USD'}"